id,Accept
bae908d5352,0
9260b4c0f25,1
2c4e5bbee21,1
feb453f1ab5,0
aa32073d39f,0
e0617187aef,0
6658b8e9351,1
209b0ee63ae,1
07d086ea0b5,0
d93d2ff24b1,0
a9ae628b4e7,0
23018ab9c83,1
c74ebab1712,1
5765e7963ac,1
f75375ab376,0
9994ffb9169,0
24083c10f9b,0
0de6a41f8a4,1
c547b053740,0
05ef8dc680d,1
018caff945a,1
96f176e6227,1
14daf7a864a,0
b840ff7ba69,0
cf374c4014d,0
a2fb84f7380,1
86255e5a06c,1
cc629cec2ac,0
4ada91eb6ce,1
31774851964,1
2da20469b98,0
665e0794eb1,0
34536245f9d,0
835102da70b,1
f2139907b65,1
7ad4b59e7b6,0
f1f8ded5f3f,0
abc2fa5d7b1,0
677343c6267,0
017a99b6fe4,1
08e0b020bd1,0
78648d869e3,0
dee83622c65,0
3013ffa5796,1
748a66bd6df,1
bff84d7e5e1,1
ce76362b3a3,0
f53df30a9a8,0
e792a413e4c,1
9e9cd3eda67,0
48716d2452c,0
ff746e34a61,0
95a2ade66cd,1
2bd03ff78a7,1
18ad1525e05,1
b9cb65f0815,1
8a1bb9af5cd,0
3ab72c07808,0
3413aa272b7,1
06326286ff8,1
88f5db6673c,0
73ed1e7dd51,0
9ba4da8effc,0
32cb4a6afb8,0
567ff7cb83d,1
015fd52c727,0
f4975607ffe,1
06312a90e54,1
9a2a4e93c6f,1
5b947977355,1
7b84b8240e2,0
f1bc28cf14c,1
137e2728522,0
78c7d7208c9,0
0a634c27ff0,1
e99423f03f3,0
f35bd2762ba,0
145adc23661,1
bebe4c4aaba,1
2e2a1dd8ce0,1
f90e4e0f34c,1
bb967a597da,1
0b7fea1d8b5,0
0617aec055b,1
d67d14c9042,0
9394b37ba5d,0
15f8cf43798,0
6c19173660e,0
ef468a9d29c,1
c5dc671f8c9,0
863df9797b7,0
c7bce37c4ca,0
3b0217faf92,0
5098daf2900,1
b4b9da77966,1
930013a53e7,1
a3ce484b844,0
90e68dc76a4,1
74a6ec1321e,0
923d426738d,0
c0b903b5c48,0
9c9cede5c37,1
279f6ebb47d,0
2d48a53ddec,1
ddd958ef80e,1
0baa50ecbb8,1
2c55355b3b2,1
c873e64660a,1
cc31aa0b14f,0
63c423a9214,1
87cf5645e96,1
d832ad6a4d8,0
c06b0a44e4f,1
0a2ab0f9dbb,0
9a908331f04,0
9810aadc5f3,0
4dab320e4fc,1
6de9a2cdb14,1
307e025bf43,0
89dcbe85917,1
518fed5244b,1
64861e30056,1
a8929910774,0
2c59abee6a1,1
3834b87e84f,1
4bb7c3e689a,0
9caf0613690,0
7d2bb6da6d3,1
21aa24b5352,0
314d0b88a2c,0
50d9c48e66d,1
6d5a3bfd8a4,0
260d367f4cd,0
5a1d1a95d06,1
f4446707112,1
d0675375a1a,1
99ad4df25a3,0
5b51c5e72bd,1
fd5fcd487b9,0
d723bdf5523,0
e2aa38c5fdc,0
5f0315e24ce,0
6192387b9d3,1
3f5e72f0e0b,0
5e87dfd97ef,0
999a308d7ab,0
aee1c7cafed,0
47c1a9a4193,1
993e6445e88,0
911e068d6f5,1
785c4271e60,0
9b74bac8c18,1
86d2c90e198,0
aec2809446d,0
d97e9642dc1,0
ce3dd8116b7,0
eec9ee37edd,1
75c6d9d278a,1
e0195eb0215,1
9be95c10dc8,0
92d7f825e91,1
724790fd6b7,1
812d57b6e58,0
351a971bab3,0
ceeaf8d8e2d,1
a31e0d96196,0
bf5bacca36e,1
4f539cfa03d,0
c1c99a0812b,1
3c40996e75b,0
93fc1606298,1
feb3af85610,0
051c4b303e4,0
a78c6e3cf70,1
6c2483d19bc,1
cebc3e3ea52,1
42989743ea2,0
76b7741760b,0
a512210e343,0
61f446fcbdd,1
112ee414d93,1
324a96c33c5,0
b536e49a866,0
70811e90bd5,0
9929e443ca1,0
5866d984563,0
64b739c79a8,0
68ec2262c2d,1
aa7028d065d,1
dc7b49f0926,1
223d16e3bb7,1
00784b3107b,0
c5711b1ec21,1
cee76123fe4,0
a0cbefd6a4d,0
18181fccfb8,0
cd23960ab5a,0
c5ec0e3c58c,0
0c569756139,1
4b8a0f33167,1
d9b58125ce4,0
91998472507,0
961591be2fe,0
49f61a9474d,1
bb54d2d5e39,1
752c4ad30c3,0
24228ecaa8d,0
6996c7d7eaf,0
d14d8fe3bed,0
c9d54ceac77,0
8a8a7321c9b,0
467a72cfa18,1
929fa78f002,1
15c8f0c6236,1
1a060512e81,1
fa0aa11c3c0,0
3344930283f,1
fb910bd83c5,0
fab88c81a6a,0
e9844e62e94,0
31de68f0b2a,0
4fc6e7999b4,0
a546107f48c,0
fc7614fc50f,0
b6819010a38,1
b003d8d54e6,0
966715affe3,0
ac85e35dd74,1
68cbba8f14e,0
206b7f9ce09,0
30191fa3de7,0
de7a30711d9,0
40f4a58d61f,0
2dd6a1a6a10,0
19484427c34,1
7ed1db756a7,0
892b8cd6166,1
735046d0f4b,0
02bc95ed687,1
0e622f09800,1
a7a7c172b67,0
2b873f9028d,0
be4f3c28dfe,0
39f7e3d241e,0
c02bddcac4f,0
e988f7e7a90,0
4eed2df0bf7,0
d4c0fe3df55,1
a524a7f946f,0
c10df1e5392,0
89d78ba61c6,0
39532f9b00d,1
98d61a6e671,0
aa1de9a2274,1
5458a84db79,0
097cebdfbd4,1
e7cf65aaeb9,0
a0773f278c0,0
758f0337fc2,0
447b5b635f7,0
0b6dab68be2,0
59238c18305,0
1e9231087a1,1
f0a649325cd,0
075e43ae0c8,0
ac340423058,1
d62d3ca36e7,0
8a18d6f7ebf,1
3d64bd64630,0
c913dcd1b8c,1
d177a08a6ac,1
0cb8f54ce88,1
dd50971eb15,0
5182e014955,1
1f43e0497b3,0
c1f434db8ef,0
d8cdd987115,0
b4ef4914e9e,0
01e29d20e7c,1
87d8d080ff8,1
572ed656815,1
65b5dce9bc4,1
fee45ebf0af,1
e590a805ab1,1
c7be1f92287,0
1d99ba6799d,0
f23f0192065,1
84886fd7b90,0
ec1ae018fe7,0
ff30689a025,0
1bd30c2433b,0
6b067e0eaeb,0
684dbabe4b5,0
7b2cce28cfe,0
0c0976fa166,0
cbb1f87b0ae,1
207591eff6f,1
b9fa2e638fe,0
f0daff6e474,1
8a285aed651,0
9500c27bad1,1
f0f1f65f8df,0
6a2f0947a6a,1
87edeb5a686,0
8fed988ec19,1
1d41d890feb,0
c9f1cfa340b,1
ef9cba74a77,0
72b9b186f29,1
8cbf92390b7,1
5d2b1d62b14,1
329cb55cc88,1
f2812e84fac,0
41564eb5c86,0
bc99c04b0d5,1
66a0b15fabf,0
96c63e8623c,1
9fa371da082,0
6522d51e885,1
2e588060b34,0
5449cd52c25,1
ba4c1d0a36c,1
735cc78e36f,0
2c3f3677d85,0
2cd6c19f346,1
7feb59d42b3,1
deec29e804f,1
dbf79ecee2b,1
9bf3bd74ada,0
e7be3fea423,1
bcfaab84e9d,0
ae0c4b51a65,1
f9144bf19dc,0
6ec0f8865ed,0
f2815e8b5c4,1
08692feebf3,1
e4cc1054f53,1
f85f2ea1e8a,0
8ea0195184f,1
556100a36e6,1
253e4e0d3f7,1
a10aa7fd80a,0
3f958260447,1
56c446069b2,1
6cbf5f8cf62,1
bd367114f5c,0
24296b1d7e4,0
cce6ed773a0,1
8c8157afea2,0
d43b4d6bb27,0
0abbd4f14fb,0
d664547a1b3,1
6ea9d3e4b91,0
162e21963df,0
9b6c5d9613a,0
ee46ec980fa,1
e25928a7ebe,0
37bdc85beda,0
1dab5d396f6,1
b58641e6365,1
d24e8d5e7bd,1
c77919790d7,0
26486184b7d,0
2a922dfba6a,0
9750ffb738c,0
24d6d5f38f6,0
81d71c55a05,0
08a8d93393e,1
cf3ba4bfc50,1
124f01be098,0
31cd5dd280b,0
c4a560ec71c,1
25f5251ccaf,0
d6844bc4299,0
ed3e02c447c,1
5fc909f5f68,0
3fae582b2c9,1
bed66bfc209,1
cdc4187f0b4,0
9e29a8725c4,0
63424caa744,1
363846bb52f,1
e993609e879,0
a1525040972,1
703f8067636,1
dbf5f541203,0
34b1164279c,1
2d01ae77e02,0
8d233005a9e,0
f7dbad3ee07,1
7aecac54939,1
63a2c186a72,1
aced37c4295,0
3832372eb62,0
db0199dca01,0
ec3115d3aec,0
b3052a654b3,1
d246de9f8c5,1
ded080bb05a,1
acd4c91f710,0
6e92d40468b,1
5ecbb145945,1
3d30cb65ebd,0
c7352c0e2bb,0
f9939e0286c,1
ade7478bc3e,1
9f6b2f15487,1
b2a9d928d46,1
e6fbd019173,0
38fa59644bb,1
41956d02478,1
05540dd33b5,0
3d84d411311,0
c753d421d9b,1
29e1828284c,1
90a4e0d616b,0
e1e73032944,0
7e84b29638f,0
fcc2f545ff9,0
679ba031425,0
dbe40a8661b,0
873371d5377,1
6d1ab66046e,0
3c6c2d741e7,0
4381112e148,1
2220737a2ac,0
73e8b0f4043,0
d52ec71eceb,0
801a3ece4f7,1
e6908ded7e5,0
95c3eb96f56,1
c606b32cc9b,1
698714124db,1
20d9d4584ed,0
feaec2cc790,1
810016de519,1
32315b4b2e6,0
996c9ceeb86,1
9ced409a048,0
5ca7a616bfd,0
9fc57493842,1
85f425a7f83,0
d14284837f9,1
03859bf8bd4,1
21406a1ff16,1
1a28c611974,0
beb4439d15f,1
aca71887e55,1
b6e8d6cb484,1
a11d2fa66b6,1
adffc113ad0,0
034c09d36f4,0
5b5f2c03302,0
5c02dbd7505,0
72b74eef9f1,0
46f08078261,1
527935b5b24,1
b105fd138e0,1
84c1beec5b5,0
3e2bf32ccf0,1
2fe2977ad28,1
c0d9370b49d,1
db5c306b96c,1
026988fb9cd,1
8e09f45f070,1
b21cddc2db6,1
8029636f8df,1
219a3df76f1,0
c40b7a2ee59,1
9a26e0ba823,1
7fd17207cdb,0
389b5f8e67a,1
3a660f4db83,1
5b7a9cf2f38,1
af97f29b40a,0
f5c2bfb37b2,1
5021a05cf0a,1
1469886b891,0
c69467310d3,0
5b494ce104c,0
51ab89768db,0
9280fb5a7a6,0
d4949d0cabd,1
9fa2cdfc96d,1
9bb806f87a2,0
ea0efdd2f44,0
d2302142715,1
df486789da1,1
277a47aebfa,0
7467be720da,0
89502f5de2d,1
96a9e4fadbd,1
1ce50122a68,1
b4383e0533f,1
95d58c4e077,1
652b5323307,0
ca6b1ba1bd9,1
09244888ee0,1
eb00d2a7c6c,1
6d4f8293b6b,1
dab073dc6d0,1
7806e7914db,0
64da70d1c7f,1
90ce9395eff,1
0d83eef281b,0
82a6f077e91,0
74eb8f6b378,1
a3c8ade1579,0
1d9628b977f,1
ffe7024334b,0
9b8d338f672,1
b94270c702e,0
d36bc0c6076,1
8548fa21ea2,0
0fbb33fbe7c,1
da34eb7233b,1
9c456910b22,1
98cc40d2186,0
c8e7ee45cdb,0
e7b0e68cbc7,0
d74892a245d,0
a3db2c7e7b1,1
44a77ba9b6b,0
b7703e1ec8b,1
3be5e89afcb,1
27779dcc635,0
762e46cef14,0
08fa6ef1dc7,0
4b075c05204,0
421762e7e79,1
63f1073c274,0
d7708e7086f,0
fb76621e808,1
1fdd6a149bd,0
e761e8fff63,0
42f85d4067e,1
a910f0924f9,1
087bea17930,0
e3626ef8f7b,1
383fbe88eb4,0
bb40fac9045,0
bae28d9cb40,1
d7871683ff5,1
03b0194c381,1
fc88ec23c59,1
5c8f9b429a9,1
bb4a75df171,1
2f9e4a53f4f,0
30f48a196d1,0
8ab95812826,1
2ce4d228fb2,0
2588467899d,0
dfc4b3409b0,1
c741e022b71,1
2dafb31ffb9,1
a510b22fc2c,1
393ca162877,0
c4a7b6bb129,0
4747a128dae,1
6cd36f6a3e1,0
f1d1675c549,0
1dec1feb9e1,0
b706b4f64f2,0
6440bfc9324,1
9867f98d07c,1
f10329ea3b9,1
ecd79e0c8ec,1
7074b7f30ad,1
676bf4bd3d4,0
d4b82ab9e12,1
5b0dbca1ae3,0
4bf14bf323b,0
7e99c331535,0
583f76068c0,1
bad25f592d0,1
26df02d691e,1
38508450023,0
31a73ea32fd,0
79768fddf6a,1
f8b62609b60,1
a7e3dd8d74a,0
01158629d37,0
10071856c7b,1
1f6fd375890,0
413d0e964a9,0
cc213befb25,0
23039024751,1
4af5729d0de,1
7b2c0e4e931,1
103f442b82e,0
ce5a6911788,1
1275a23a51d,0
08429124e24,1
8e4cc247b1f,0
83d1877ae44,0
c5834e83883,1
5e8a0c46509,0
d8ea1209cbc,1
cabc83410dd,1
4307f354cb9,0
ca1fd5873bb,1
981de65f1c6,0
3fe7cb4b1c7,0
d6fb9062a90,1
8193819bc3c,1
7311eae7036,1
175ae8c94c9,0
16536174f2a,0
01dc85a9412,0
1338984a93d,1
bbc80d15edb,0
967f00b0ad3,0
0321dac3b1b,1
c9bd46017dc,1
f8a9b51596c,0
5a33b6fb69b,1
a33365bd4bb,0
71efe7daa70,0
acafb2417f0,1
e488d8b86b0,0
5a20baa97f5,0
d3de69891e8,0
056e4e73ca0,1
aa45150e81e,1
b0bd34ed325,0
0af7cb9a050,1
70ce329ed75,0
90998b51eb6,1
9d4cc8d5020,1
49d03e74d98,1
f446a0cb631,1
d0800868f48,1
e47c5643210,0
b08dec268d4,1
7f7163f46f6,0
c1b6d5c5b91,1
72e201de1af,0
b5b5d494383,0
cc13821ff20,0
f3e0926aab2,1
0c78fc97ca7,0
96e92ab3ade,1
44c4f93b9e1,1
a1cd375628b,1
71fd501271b,1
27f234e0713,1
8a6a07c5130,1
c03e7f50e20,1
b0f7406e579,0
f74fd6a3f35,1
5db64eb49e4,1
abf3f9cb2a2,0
4c26a1db989,0
fd389a9f55f,0
920fd011510,0
522f9b0faaa,1
9aa4bf2bd5e,0
e91b8d003a8,1
5023c92e9bc,1
5e712c0e5d5,0
d3b7145133d,1
dd98238cc27,1
b58099c5136,0
827927b2997,1
c63bfac8a97,0
3fd2af73e2d,1
c7cc2cbe850,0
da20b2b874c,1
bdaf843477d,1
a1d529bb036,0
18b0439d38b,1
fdf14a494cd,0
0226fd91ffd,1
089ac980380,0
44252368388,0
40230fefbb4,0
fa022a2bbd4,0
5546602083a,1
9442e99410d,1
3cc41148d10,0
1109c0ad89d,0
85ba4fa100b,0
03d74d21ae0,1
afbe691fdb5,1
6f597cf1d41,1
6e216ad711b,1
91dd30c78fe,1
fa777bc0670,0
c143d779e08,1
8f9124752fd,1
f1c750b5e96,0
8c70a6155e0,0
bbd20ad8360,1
56720df1eb6,0
99a3d4e8a98,1
79246d30551,1
71dea38da58,1
9f94fb00897,0
db6920ae88c,1
2d0212708a0,1
b2bd5172a70,0
869793e9903,0
f325baa9430,0
4c70ea87893,1
83c2a961b53,0
c4d6f1056ca,1
573b088cfd3,1
5be9611f1f4,0
00dd65c49fc,0
4ebb9f52a37,0
f0c7201e5c6,0
f9987948973,1
8c4a974bfb9,0
fcbca671c6b,0
a9eb12080a5,0
6f90d29967b,1
9e253428212,0
65cc702c186,0
d897a302cad,0
355743e866d,1
377ecbeba6e,0
0ca42ded045,1
595abac7ac5,0
eff9257511e,0
580fb77ff9c,0
35e82fc9a84,1
7cdda59023c,0
4b3957080e5,1
dcf4b99064e,1
83d58bf63a7,0
ccfcbfd7d2d,1
df83f4eda0f,0
5534ce7889e,1
7fb3742000f,0
c9f7ba2c3e9,1
e92cc222994,1
c1e678fd04f,1
e204bb4e0b3,1
4bc2691d52f,1
497721a4d20,1
c6c10c89de8,0
2e6a471195a,1
58fceba92f9,0
7cbde63f68e,0
97f583ddc5a,1
6434679c341,1
ecbb17c4231,0
c6e492788b1,1
6fa0038af14,0
040e5c3b46f,0
a894e8e18cb,1
d0cd57a8b0e,0
1dbf6ecc45c,1
a1eb59efe13,1
ce6c0cf3bed,1
928fba55d20,0
cc1d361dc5b,0
13f4068cadb,1
624cb8cd976,0
5811272527e,1
a9d046618b0,1
fd93573e155,1
617da9dd6db,0
07439999083,0
ce95b2904ad,1
109a1437f12,1
a4a7269f916,1
8780ccf17d9,1
56ed8486c79,0
0aa52c65ce6,1
8377ab61634,0
79f8e39e252,1
c4581b842c4,1
f9e447f246a,1
7392a57f097,1
2f5c6be4e85,1
b593adbedbe,0
211b3164c73,0
6203c43ead4,0
9960ce4ae14,1
22c38bdf8cb,0
fb0e0eac62e,0
a0920fbfce7,1
9871ee159d1,0
ae0d00fd03b,1
d07f73c1996,1
cb96ec3db98,1
ab658fec816,1
a68e44e0b9e,0
e655cfc6cbb,1
6910eddaf13,0
97a1b1c7db0,0
77efa5ad69d,1
78794ed2873,1
2b759120021,1
02781e28c68,1
a8d0b03fd80,0
4dd1368079f,0
67cf669e97b,1
54ada69a87c,1
81850ac179e,1
6acd015c0f6,1
5afca90243f,1
dad3c6bced5,0
dba6a9b690b,0
25d73e3c18b,0
d9d718d5d53,0
1083469a901,1
7a7fbd5297e,1
bc5784ccdaa,1
7ea41e2f284,0
f14dd28f70a,1
84eea067bf8,1
19b0e555743,1
4df5432277d,1
781ab3492ae,1
3275c4bf37b,1
a4d7b61c29f,0
95d3a61c1b7,1
9a3e67afcf7,1
aac3e0e6e0c,0
32e006f39f3,0
cf487c4f075,0
7045cec80b2,0
1ddb978dbbc,1
0216ce8b942,0
64d71594eb2,1
388f40a6042,1
1bfb9f6651b,0
c28738a2f0c,1
3f35156e0bd,1
615b90b5972,1
f47a72dfb78,1
ed10e29f554,1
e95acba2ccc,1
0844812cd58,0
a7275d4cd5a,0
8e4c8ce3a90,0
c8b9bfa9a66,1
d1d67d23431,1
34b441ace8f,1
386230762b3,1
3f176d62d53,1
6bf15f02a24,1
fb816c44732,0
438369f7128,1
72c7a00b8c9,0
ebbcbf08324,0
2df145efb4f,1
8d0dd002cdc,1
885ba3c6bb6,0
dd175f89b00,0
54cf9979272,0
565ada42131,1
1e137fe5189,1
d95ae68431c,1
c6879590fe2,0
fcd6080266d,1
6ef737c3b27,0
aaea2d20ee7,1
bab6c0655c0,0
0e96592004d,0
bea42ec08e9,1
606c22728fa,1
33c1007c6cb,0
17c5669ebcc,0
d04d62de354,0
8cf7994ab9c,0
585d0bba4c6,0
9a6020e6ef6,0
bc1fa630c70,0
40bd9118072,1
5f5b047d993,1
b579e8bfaa8,0
c354c95a7d7,0
0e918ed4e46,0
c6a1e8a03ef,1
1f760648d87,1
1ba59a248bb,0
9e7fa2d1e69,0
ca85e7e6cc0,1
221e3c2ab31,0
260f10230a5,0
f81131646c7,0
33816c62fc2,1
e42f0591de9,1
0ccbad1ae45,0
9c19055d723,0
08f1a18b194,1
e34b6bd6be8,1
e2764809142,0
57b616ebd7b,0
5b35ed1aafe,0
264d2aa0b61,0
b40236ebda3,0
531a7d86b47,1
45507621d34,0
e4ac10a6f83,0
16b70ba2dc1,1
43158b485a3,1
0febb8a47fb,1
8fbbbf60623,1
139055b562e,0
d6ae0e2297e,0
2dd4bf09c6f,0
95b35d10913,0
8c6a0d85c7d,0
885dae68c63,0
33bceb6b48b,0
79ebae6d6cd,0
ba4294e7576,0
8266619d916,0
1b30be17bfd,1
a283c5b8e50,1
f51c0ec0274,1
0dcde5b021d,0
99e90150770,1
85fa25fc2f7,0
7e8a4d20d4d,0
4c48b1344a5,1
43c76f62644,1
3adc0d9b3ad,1
240e2852385,1
0a132821fd4,1
457245166dd,1
6db42396184,1
440236e5e7d,1
7d02f1f08c4,1
af961bacdd2,0
7a0798071b0,1
9f509755970,1
0798834081f,1
ed25fcfc539,1
0575aa73ccd,1
096e7a1d86d,1
f7fa450a4ef,0
71bb7cd66da,1
052a1c50e82,1
9ef1f64955a,1
7cff921acb1,0
0a6fb23990e,1
480b7087e0f,0
b1cd487ef53,0
4051145a138,0
28142976599,1
5ce573afbd6,1
e95e790e601,0
f4bff1051e7,1
bf346ca3c87,0
12cc3f34887,0
0224f095e4a,0
f170062924d,0
2c2c64689c1,0
55c280ebde1,1
666dc87dae1,0
3d0f82c8c50,0
6b51896e6a7,0
884332e881a,0
77fc91452b5,1
93b5d8351eb,0
2bd1d76f589,1
34ddc76fb78,0
e50a8601bd0,0
3b79ae93d49,0
23b3b482367,0
4b9a9c2c111,1
0fd78cfa48e,0
3e7a0a25f19,1
399f48892d8,0
44599e9d78b,0
11a62ad7acb,0
46fdc49c480,0
d7e5e29b96c,0
c83908737eb,1
74037c8a715,0
4e4bd803046,1
194c4500dab,1
a7a41ed35fe,1
e73b1738c89,1
5efaf573764,1
e3c0ef5d36e,1
01d0525d638,0
8ea0f9715fb,0
f50cea97624,0
172fbbc81a5,0
8ce6a2ea40f,1
e6cb1f3d43e,0
25e434c74d1,1
98b33d6d306,1
ca1d1fb3bbc,0
e494f44f0f9,1
87457bb10b5,1
bb6ab38cb73,0
7bac3496a86,1
39d89afc966,1
d84c7f21eaf,0
ccc1b743979,1
80c58e76ca2,1
407bc050d95,0
cc399bfbfe6,1
cee5fb44d66,0
06b6ddc202e,0
2b6d810dfa6,0
3815d8bfa5a,0
4626b186aff,1
6c7ff0a945b,0
e6824330637,0
e03e9744ce9,1
b4555e87e4c,1
17ba91f3c68,1
91d0c134e22,1
5a70093e5b6,1
789dbd0533d,0
709679f893f,0
f7c7ffa6b40,1
815c53ce1c5,0
cfe71303ef7,0
32efb1374a6,1
5bd0ca84039,1
523810e98f4,0
ae756d3a0d9,1
97a18eef5e3,0
17e01701f05,0
f5768c70748,0
0e719163975,0
0e806c82d19,1
9859d8bc484,1
5cbadd27346,0
22badf7771c,1
67db3135650,0
9daac12b013,1
89293496c99,0
01c5fe06ce9,1
57977ba8a35,0
5c1c77580ea,0
170bb16ce9f,0
b4211dee62f,0
33b99e65fef,0
71fb64f7509,0
0dc586a5918,0
e42989f784f,1
1f73189a2b1,0
85c22243f25,0
96a0512c116,1
5b4dd40dab0,0
ba1acdb0053,0
661b06f1fe3,1
3db477136ac,0
493989ce718,1
eaa1f7fa98d,1
6b757c55b03,0
6ec4eeb8f07,0
d0d3b361654,0
d73a20e8dba,0
90d8d03bbe6,0
c2bf9d2a98a,1
f27f6cafc07,0
c10ee3bb25e,0
9e0c02ae25a,0
8c5062cc50c,0
03e30735a13,0
bcbfa51b1a4,0
33930917a00,1
b457cf0b5c7,0
162c75ea1e0,0
fd5b9118336,0
472a8c2353e,0
0080a91c113,1
b3ed9cb1d53,0
c2ceb1f2cd3,0
a6162501b65,0
e8ca59faf31,1
ffcad728ec5,0
d404babdd36,1
a978ab53fc5,0
58f0fa886da,1
1821fafb9cc,1
b27243d1762,1
3e101c7f197,1
97cf2fa1229,0
1f0f5b48da9,0
8c8a624de4b,0
4d99eac0f04,1
8784c47253d,1
54d09792a6a,0
f16877a1641,1
cc504ad36f3,1
b4578623541,0
35a990f634e,1
165b900a0fe,0
7d6a35fbaab,0
34c3892686d,0
c13db64d33b,1
c4376b3b0dc,1
69312118ed6,0
37b523c439a,0
4eccc6c9b2f,0
40f011f738d,0
b0daf5c0941,0
1b2b8fb2a23,1
28a949d26e4,1
f8e7e09e601,1
ecee0216530,1
83c658ebbd8,1
f0d461296ef,1
aa1cd917e09,0
058093e83c2,0
f0d88daee44,1
5fb88d36abb,0
5d94360e226,0
79f9d0e9425,0
36dbd8d7477,0
985451d26b6,1
c247a981b11,1
6c9f4782edd,1
acfff36895f,1
05bfbc79e00,1
b1a0fa88ff6,1
4c461294146,1
071512e4ae7,0
db292d33a06,1
9e17d72e9e5,1
9293cf0e3f0,1
5f182a5a182,0
36e04873ed7,1
5dddbeaa13f,1
aa72c987c19,0
e3175563f2d,1
527103e1195,0
ae3abd1119a,1
b83b55de549,1
186f1e9e4b3,1
9861be3452c,1
00d37b99c57,1
845713c0661,0
bcfe20be37b,1
65925172dbb,0
a5ccd47a046,1
1a65f1bd169,0
6e56a848ece,1
bfba6f10987,0
d29ebc91b74,1
0332813edc1,0
9b4edbb1dca,1
87f16bcad4a,1
18d035b0069,0
0ad98ae7b5c,1
12792ea5152,0
74ecfccd953,1
e986b6a67cb,1
f30aed456fb,1
ded9901b947,1
1cba2616f33,1
e511a782c58,0
5199ffc08d8,1
4ca7ec3b49f,0
e70bd4ffd23,0
68dfd0f955f,0
c0cc388798e,1
6ecee597637,0
99b2854fe2a,0
80a2135ac9e,1
f86ceaffcee,1
cbad966bb4b,1
c09950d19ee,0
ccbf530f90d,0
54978614c1d,1
34430ad17d9,1
8d509c2386f,1
489af100b15,0
ab0d1680464,0
1769aededde,0
29947f293b8,1
4de7f333887,1
b4800bd9317,0
11478e52009,1
dfbe7d1aa0f,1
dee6c5ba0a8,0
d42310848d7,0
cc217a9a27c,0
2525d377541,0
2232ae20e7e,1
0e466a09b39,1
58a0ce0c0c1,1
3d3433f5948,1
0c2eb488280,1
5bbeb7a4217,0
b39609a9591,0
c872312d635,1
a068b9e3cc3,1
8fec3f41025,0
526fde0dfce,1
744d1564f5b,0
c8698d0c96d,0
434129ca027,1
5815bb6fd92,0
62d924936b2,0
578ed0b7701,0
8e0cbef35de,1
57e4361090d,0
32287c57c67,1
16ccd48d983,1
7bc0176b03f,1
f5736d05d24,1
dd8b4c402ce,1
2763be82f86,0
0a330e84b4e,0
6115d9319d4,0
92dc39e34ce,0
d21a29ec4c9,0
2094fe76ca4,1
368ead6f9c3,1
02136707c2e,0
a058ec5125b,1
22d87bb56d6,1
681b18eb109,1
9afe3a98ed0,1
ceccdf7f518,1
17dfbed9e68,1
20d1cc64dee,0
ee81f6c07c1,1
08442288aba,1
c2c60838d08,0
9005d090182,0
110a3dd19ac,0
6ae900f52f0,0
66ff25b184a,1
a760f53a44a,0
b31944fe6a7,1
a264b6571e7,0
4552822666d,0
7ba37ceaa0c,1
a0de4992ee5,1
eda8c5478fb,1
18e78cdfe8d,1
bbf8e865449,1
2a8c1ee941f,1
9777bd2f15a,0
c471df2ceac,1
e413e270184,1
f83335b17cf,1
e9d7c23bb28,1
8a5f06e6639,0
2183c5fae65,0
6b3c832f066,1
061c08ae5f6,1
42f7c846521,1
d0794c3b84c,0
1209fa3d795,1
b333a75df0d,0
b068f51b3b4,0
1d734614f50,0
858a5c1f3f4,1
94af8cb5dbf,0
55642583c84,0
bf81b0adb95,1
c7742966721,1
5d0d9ddefba,1
d88b679461b,1
55decdee1fb,0
b3f7698d6d3,1
3f17609595b,1
b20f1588197,0
b9a24be571e,0
fca1da27190,1
dba1c566147,1
ad99d892246,0
a45afe33bd0,0
545a7615e5f,1
332b7acd45d,1
36a3fd2f8d0,1
6d4f37d63f7,0
0be2413bbc9,0
bc707f19e4e,0
9010ad9b614,0
d9655b4a1ed,1
5b4820171a3,1
79498894e77,0
2aeea681f35,1
63e3c5d858d,0
a51a1af2e04,0
2234ae6c627,1
c575fef3a2f,0
0df8686672b,1
968cb625968,0
9363df0df80,1
3a372028288,0
5d10e897c4d,0
6bb7047558d,0
90ca50a5d7d,0
7351c1a3e23,0
895ca9d74b0,0
971a5f61073,0
694c5d5794c,1
7442cbd56c3,1
b858652cb9f,1
34230922a2d,1
32a1a2810de,1
cf12c68ced4,0
ceb282f7f2e,0
86353fa3d0f,1
b19ff0760fd,0
f7a2eadf637,1
7c2b4fa4189,1
aee7f598a17,0
96aca600b1d,1
93ccd6bbc98,1
a8314aee01c,0
4ef2d95ac74,1
5ab0ba3e363,1
4863dc07b3f,1
14760309207,0
124e24ad86c,1
0c537f1597f,0
06ab80c2949,1
4d0e8a0176f,0
0c62bb896fa,1
317eb5eb4f6,1
00587364b22,1
e002989ed44,0
5da5c91302c,1
62d2614d262,0
9832b585ddc,0
fdfd25fb07f,1
2d6174e699f,0
d9623943c0c,0
d0804ab8b80,1
7b544ff7687,0
2304747a146,1
9aa01eb6259,1
0663f1469f8,1
40b6d046036,1
06799131bc7,0
b9a40624b76,1
5a775eab163,0
d22ad9e2f20,1
f796493e998,1
ec36c96d814,0
233627c201e,1
f3e49f95ff1,0
e8c9103d561,0
eb4b08a0685,0
449cd7e813f,0
36d55f2127f,0
c06a2175774,1
08d504359e1,0
211f48c910e,0
be5d5acf3db,1
42fe5a37be1,1
1430314e01b,1
82603af2180,0
babfa366856,1
3bcde51c86e,1
f94a3f50b27,1
b2f0bf5e0b6,0
32b4a833e17,1
f68ce5f1664,0
c4811e70a03,1
e004c583bdc,0
b57bd9eb6bf,1
e78e050f3bc,0
fd26f31366e,0
83896ffb088,1
aeade6567c7,1
a03378dd223,0
8ea4b67fa54,0
60bf3f06749,0
f3b336f3753,1
3b60ba1b9bf,0
add8d58b637,0
b2aec081d33,0
735d21d152a,0
8d4aeb1423b,1
100307a5778,0
f2b237f5b5a,1
73b9cc5cbae,1
7aba207e47d,1
6d599597f61,0
b747e5c9980,0
f8c3ef683d4,0
ef8ccf1dcef,1
e50f3c00007,0
5a6028cff2c,0
392e46912e0,1
92258c53a34,0
2c4115bba90,0
e4eb2728b47,1
c9896735960,0
7c14141235c,0
aca3345fae6,0
4857cd15bcd,1
a7ea2c6e024,1
73b09e04f7e,1
1a2b21f7721,1
8adbce9e47e,1
4dd482c9c1c,1
0d2c210f15f,1
5feedc1231d,0
948a32e2cda,0
d90b6587c68,0
86553ca4be4,0
e07e8b79a9f,0
06e76b70204,0
5cb91629be5,1
e37066ebadd,1
76b26a5dac9,1
b8e2ee4599c,0
c28dcfc903c,1
8eaa3001fd1,1
9e4b7b39021,1
42e907f87d9,1
d36eed3e2aa,1
9d44022cd3e,0
89afba4ea2d,0
9b5a1581755,1
3d448afe263,1
1dab7f21cf3,0
182aa735ce9,0
de95c95922f,0
b69acd183a7,1
8c6c7878841,1
33c0f08f8e4,1
0103faa7d58,0
06a983d8386,0
7d79b1d73b1,0
89bb215beab,0
eaa4634baa1,1
266dac300ab,0
db5d18e1dc6,0
c84365d66d1,1
313d38b0671,0
9762da978c2,0
9e7088a838f,1
117486f608b,1
e4a5ef6f70d,0
387bddab8b4,1
aeb6cccfcff,1
06fd4b6b585,1
c4e7e82889b,0
8f1e7a29318,1
b831cdfa9e4,0
f17d4a61a8b,0
5a441872e89,0
f58acee092b,0
8d399853e93,1
68f8e4fbe7b,1
267f029a130,0
e270d94e279,1
aa6fb3c4c31,1
a390536cb2e,0
e76f092fd9a,0
9ec31fca24f,0
db502fa381b,1
557e920b348,1
b32d4ac9535,0
d09533c7ca1,1
cf1d205f215,1
cbaba22834d,1
8a3d1b03e28,0
f16aaa83b74,0
8b55e2307e1,0
40586bf2f58,1
55f3f24980a,0
6110179f831,0
c37d03e68ff,0
536573029a0,0
86a7c215a19,0
dfa882efd1c,0
96931004a4b,1
9d0c5cc8d87,1
be025933038,1
f4f1bc8c8ad,0
8d908f472bb,0
a2435fe23d2,1
8aa4fb872d4,0
6326efcd323,1
ffa8dc9de68,1
dd38adb72d9,1
e8abe636758,1
5c0e31a93dd,1
0019cd4da2c,1
2c9e4919869,0
efcf2fda976,1
2839ffd7f85,0
cdb77e87efc,1
e1d9c8d471a,1
6d0d24fad93,1
bb49af366cf,0
72d6f16a0d0,0
80f24adb5fb,1
ee27bcf32f8,1
a7bd5f8fa19,1
7d4da96e5fb,0
1ee43a07ca8,1
54ae1e0b381,0
304eb6c9930,1
a63479424de,1
4468014779f,1
c54b6df2489,1
bf73d5441d5,1
5803d1798f1,0
78cc3692cd0,1
c611715e76e,1
b7dee27eb0d,0
c92150a0017,1
12335ece5dc,1
42341656333,0
6d05e35f147,0
69a2043bb20,0
9c4de6945d5,1
c865295edf9,0
0b04977e2e4,1
c8b70994106,1
1130902f92e,0
e9f43034892,1
6ff412fcb1b,1
76857e07bda,0
d40a1c80f2e,1
10e52f48e4b,0
dbb427dde4b,0
ed211d3b8c9,1
44a9ff43591,0
51a5bbbd114,1
fe91bfd8c7e,1
3a3d7d4cec6,1
36ea5e784ab,0
8149d7a3e81,1
fc67076f6dc,0
7c0a43f2cc0,1
ce06e8d9d8d,1
4274c396fc7,1
12a9ec38e4a,0
9fd7db4a21b,0
10739b9e074,0
33617c9d0b0,1
bdfcc8403b1,1
c75a933ccab,1
783d7b3b4e6,1
62f1de5d8ff,0
7e4c9b50b6b,0
236bc0f105f,0
0fd0f0c79a4,1
edf9460e37f,1
dc4201112e0,0
544b84be893,1
ba50db463f0,1
6db489b4777,1
a76850a4789,1
5dd2c23f0cc,1
c3cd122cf54,0
a41ba8954dd,1
31265b4a3ca,0
2ec94fd4f04,0
0f2cb2dd94a,0
8a7f8a8d28d,1
9af0c7f62e7,0
7c02000f48e,0
5798b3c83e9,1
cb2d29a96b3,0
71fb30777f6,0
9237d1aa11d,1
9c8c45709ce,0
732b36140c9,0
deb2580faa9,1
1e20d63c692,0
39b227a0804,1
57d22783f32,0
ce6e479b523,1
b9620e6a4d1,1
2dfba271021,0
2b1dcfcc54f,0
1865d411aa0,1
754bb97b824,0
8972779fa34,1
86f70c72ef3,0
8e01a61361f,1
909b8857816,1
9c156d6c5c7,0
0b08ab12245,0
1748e0186bc,0
4a3f4c8130a,1
6d98986b426,1
88e0d83cbf2,0
83105e8fd19,1
c90ddea77be,0
11c058845e1,1
d239c8a3c43,0
fa5e93fb875,0
0864c04982d,1
748eb1a330e,1
0755859f51b,0
6946b1f8d43,0
1c7a3cc7cf1,0
f8b6bc0f379,1
0fb68623c92,0
18732980534,1
9e118b4d0a7,1
5f738e54a93,0
192f785168c,1
ffe876b4b02,1
6682394446b,0
e24bbf48f69,1
1cbe0852f4e,0
7fceb7e3543,1
b1883914dd8,0
7b36098f54f,1
eb1246feb04,0
68187ba0686,1
0be83ce10fa,0
44a3348cf79,1
5b7bed419bf,1
4822b131907,1
435c32cf8e6,1
99d339a0fd6,1
cadc8c8c757,1
3c51ff35ccd,0
eb231374670,1
78c72f68bce,1
f3f6fb2d8a9,0
08bdf15c7c5,1
8baf8b8044a,0
e805c79fb70,1
fc8d4729ee2,1
1a9bbb37f87,0
ecf3b8319a7,1
835af842afa,0
dc0c222742f,0
469449ab210,0
03d1ef51853,0
215ea00c76d,0
8b1d67dcc45,1
0ff0128ac7b,0
7f46896650b,0
b67ac077a6f,1
4600b2bf4d4,0
6969bc953dd,1
8c576d058d5,0
af1e7f528ce,1
d9bf795db9a,0
0792e159931,1
4037736f5d3,0
d3fa10e262f,1
482d0f74111,0
1697868c37e,0
cd4ed6ca487,1
8ceb0edbc69,1
d6e0342b51a,1
5d97323a26b,0
d791a8b292d,1
16430dced97,0
20958dc5e4b,0
71b044ab37c,1
e6022e0f241,0
e37b3dfefc9,1
30c825e11da,1
c62b424c47d,0
85087a4c585,0
af4a0076a38,0
22bc2a20690,0
9b059ad7da4,1
bcbc093efa1,0
5acb2516315,0
87359de5b7b,1
1a868815274,1
a179063a7da,1
96cb24e1e64,0
859066aee23,0
91804714789,0
1288a8d5561,0
aefc17b32cd,0
a4a69bc5654,0
e77b4fa3f0e,0
4ed69da4697,1
0743db4ca57,1
8d52743b7e6,1
ab868b16288,1
bc1aafa4fb7,1
0146a97ecc5,0
45c45af1e11,0
4322b23538e,0
b7557de9503,0
f1f0f655bbb,0
68fe77de5f4,1
c0f1ab75d0b,0
29abff70a17,1
2ec71815688,1
bb64f4db30b,1
ad54d8b695c,1
002d217033c,0
c594f84dea1,1
53a12f3463d,1
8b7a27a30d2,1
cbd81127a8f,1
e9010e2305f,1
019091029ff,0
5ab77bec80d,1
95e76a2e839,1
f8259f68e93,1
201becabb52,0
760c6f7026b,0
a250471170d,0
d369416f417,1
8f336853fc4,1
db26961614b,1
4c3985a6448,0
879f10ec718,1
f7bebd07873,0
9e50a2b8ecd,0
b41966aa43c,0
2626aa8cd49,1
54ff9f382aa,1
abc19fe78e0,0
07e7d40dd46,1
2ddd41f659d,0
1c30095c443,1
5c3ba99aba5,1
5d1630f7fd4,0
3b511c57233,1
32add272f9b,0
8c94b256aae,1
0a7af280831,0
f996d9c31aa,1
df162c21c26,1
8d7cb96dc41,0
9e7760b7763,1
ee6c4a3495b,0
6e92baa44f0,0
dd53aff199e,1
1a71a7bc72c,0
a88ea8e13ec,1
4102afb41f1,0
f0c7887ca75,0
88dd1bed475,0
6f6108edac7,0
6c822eeb912,0
a4e91138b2d,1
9a78633b543,1
a7234a23b1c,0
6d92f7dcc4a,0
51416343f3b,1
eeeb6283c09,1
fca8dde6133,1
b13be597b5d,1
7dae5e4ddb0,0
8225b3330dc,0
f72c86316cd,0
e4b98b57885,1
535fe4a3be6,1
dba71626b6a,1
9e5f8505a6b,0
c1d6a7d3001,1
2d18bd9f12f,0
b60e97ccf3e,1
27c7c4b7329,1
7f653d2ee13,0
8d5221c8843,0
b13e93d7206,1
3c368391c16,0
ae4bd720a40,1
8efaf483660,1
08dcfa6d4a1,0
800aebe4699,0
b03eb72af88,0
c8b97686f42,0
7eace3ac3a4,1
30a8a2836ea,0
08eada56113,0
a522ca560e1,0
311482445db,1
cdb0b3469ec,1
570ed744e2c,1
c11a3416bf4,0
837d5757c46,1
8c170e1781c,1
90413f870dc,1
e30072b1fe6,0
c89f051c5fb,0
c6a57538170,1
8904692717e,1
1510dd0fc82,0
a179e4a9fc9,0
0aee11b0d7f,1
2ee864d27f0,0
05823884d18,1
ac1e3bd08b8,0
d4474aa99ed,0
646f514136b,0
b5b6bf448fb,1
324c7f1cb70,1
a29f7661b20,1
e2eb05e29fd,0
d3404ecc714,1
c8f992f9187,1
8aa486e41e4,1
cf932b06aee,1
5ab6b3c26c1,1
b11c215da73,0
30a72717d7a,0
15e1156debe,0
32f19a8c608,0
63d5e83fd03,0
39cc8af9799,1
a51fe5f6d13,1
b809a1e1862,0
8e634076ae1,1
5ee9faf2c6a,1
629f674b5fa,0
b2e69c4117f,0
7dd5cda8d56,1
80b5a61c379,0
2a8c05f61a7,1
8ea69ec39a9,1
a907b93d278,0
a3bd903394e,1
df06416d35a,0
961b2a6ccae,0
e764b27e7b9,0
30150d7ea96,1
56f24fbaa16,1
84bf9efac4e,1
a7475cadd63,1
0a5824f0f0d,0
7ff75bf4757,1
15cda716a6c,1
8a3c5f6e97b,0
e5ae1f97563,1
96c6fc82e5c,1
609bce4da34,0
a4a2b455e4f,1
daababd0789,0
3a84d550287,0
677b6041d2f,0
b9b0343c615,0
de69b4bafbf,1
0fcfb599bdd,1
a9b01c0b329,1
8f20252bc74,0
9a7ebee6b1e,1
a1478ae8a1d,1
571ced1af11,0
f3a41155c3a,0
b74dcb3e75b,1
057d35eea57,0
fb30e0bb5fa,1
e50158496ab,1
6dbd6a27409,0
554a683da7d,0
f54990c9304,1
5082857686d,0
18b72f54373,1
c92ea483f4f,0
d5ff735ef00,1
94e415a7409,1
d9b79dcf493,1
e063b0df19d,1
616f8da0269,0
42732c2d130,0
4387a820460,0
f8c473a363d,0
84bc8354cf9,0
2ebf911c251,0
1df7ad4a527,0
7581a35fabe,0
d971c4a2f20,1
f2d95c45ad3,1
ddd77e56cbe,0
9e94dc47449,1
c8ee92fafd8,1
4f29bd1c92b,1
3e0d6184007,0
f328c61b941,1
c9ad4523017,1
f4f69109d1e,0
a007f48c678,1
412607e0c04,0
02ff5e45961,0
6d4443fe8d2,1
5e44b5fcf0d,0
8beab677361,1
05e55c2f734,1
69809c9ff0d,1
53c1d46a22c,1
0c53887c0eb,0
8535306ff82,1
b49dc4e411b,0
1553df54470,0
bd8848e1f80,1
ce1b8c2ad68,0
fe12ad4c031,1
edf04c64076,1
6d3b4390143,1
adce0c1616a,1
223e2eb355b,0
f12ca3b2134,0
87cb6cefc46,0
f706a8c7a9a,1
7c53ce42d31,1
684094f98cb,0
ec5ef142594,1
23e5d81f26b,0
f38315d3cc5,0
2f245d06155,1
cd4a88d7812,1
c30575c74db,1
fb1e4456d93,0
09d51d063e0,0
d4359f99e36,0
3beec476976,0
0b02bf228a1,0
482ce94d0a0,1
71a747c762a,1
9bcae52b878,0
4ffb96bd789,1
5fd359465f1,1
ffc15a5ab2f,0
fd22967deec,0
ded0a661ed0,0
a330aeb2ede,0
05f2fcbcdfd,0
3ee2b936386,0
4a6ce1da34c,0
3b897ae8349,1
22b88a333fe,0
5141508cecb,0
cbe2e2be8c1,1
0cab75ee1b6,0
de62e4b9f72,1
635349cbc87,0
4b55b7cafd5,1
9b272237194,0
45e77893f92,0
e81c704e49a,1
4ed82ee6253,0
792a78d3704,1
532bed118db,0
efeca7b5b4d,0
7b0b5f0b01c,0
33c6cf9f039,1
8e3e0000f69,0
57ddb1a1ce2,0
2bb5e38603c,1
551bb5d76e2,0
a4e79171172,1
d09067cc3bd,0
8667e784c3b,0
47432a4676b,1
ee68c3cd421,0
94551f965cf,1
1f95f4d0283,1
d0e64d56c01,1
d5c7adf2463,1
e7a85a46500,0
7c820fb28d0,1
8cf79d7d75f,0
4922c00260f,0
6f74c42c988,1
32736bb0d18,0
eb3902fc4c8,1
604da93f157,1
cc81ab15e7a,0
40f8510322d,1
1fe078f63bd,1
39c8b6520ed,1
cacd9a9914a,1
db1953dcdbb,0
e59def51ee3,0
41139f41515,1
c48c6c00861,1
d1649f8cade,1
2bab43ff514,0
197c66116ae,0
c8a21d64cce,0
3ca1d7cef7c,1
cc633e8fde6,0
9f153f74de6,1
aa01d32af3f,0
9c21218f03a,1
8e3304d68b2,0
e697d1937d0,1
e8cbcfb1564,1
dedfba282a3,1
d29e48691fe,1
e5182d930ff,0
cb5b43357ac,1
8d97d34b445,0
fdc9681aa66,0
1e025645e32,1
d991f11790e,0
1ff534ed898,0
c52490909c3,1
a6f6d00a937,1
c700197e1d6,0
d481a16e1b4,0
d89bacedab9,1
1856c15f4bb,0
77fefd67f74,1
e533ccacddd,1
83bea3e8369,0
48ead5a3d3e,1
ede2e32054f,1
ec95b25b231,0
5bf13d79e36,0
3674deac35c,1
ca4530ed39f,1
4185aa897e4,1
1fb4fc83e13,0
09df88b7403,0
587aa3f68a8,1
bcc43cb0911,0
6962a1086a8,1
018d3ee84bd,1
cfe1dfe06b0,1
ec43ffb16f7,1
93182eb9414,1
691a5b46dde,0
f06d23b8232,1
8a27dd012d8,0
4965648e7b6,0
356724861a5,0
f27bbf0c457,1
37b7c5119fa,1
309097e905e,1
80d750dcefc,0
923241c13f2,1
2c68411f834,0
8d13499399b,0
82de3b2d8d8,0
e1974734307,1
53775b1b6ed,1
701d0c897dc,0
32eec3aab85,1
28005ba75b4,1
32b06f574e0,0
b0eea876afd,0
caf1ba746ad,1
a25b14b440c,0
b9d52f92a32,1
23094149fca,1
70aab20d36a,0
76e34f8e82d,1
e832e0d6ef9,1
19077ba7d2a,1
c71a9b5500b,0
67a63a39d90,0
068849fe536,1
3bda83c524f,0
00ed6df86df,0
8ec5f8a27af,0
5941b36a505,1
859b73181cb,1
a6a6c52cb71,1
cdfafbef4bb,1
7df8feef1a6,1
729432671cd,1
7f51b88e117,1
3f6e6baf059,0
a69f744aa0c,0
d890d035ebb,0
1a957f34011,0
3cd67bd63e1,0
fbdcf3f2cb8,0
21143975f45,1
0c9814f5bf0,0
4f7b587a378,0
6b8bb19abcf,1
a65e5d83828,1
820479bfd16,1
60bb33471a5,0
ee55e7ef133,0
6e059ce9da0,0
3f7eeb969f5,1
0bdfd559a21,0
f6ee29eb9e6,0
e43d2b6790b,1
9de923d9953,0
762eab40551,0
c8c3257c3e2,1
29e90fade07,0
2001e8f986b,1
3dfa1b08074,1
3aba9dc17e5,0
fb001398b50,0
41b80db0713,1
64dd261f028,0
4e39df69684,1
e69482bf944,1
2c1698d8d4b,1
31a4c036001,0
85799936a12,0
aa990178b2c,1
b306d7ed376,0
38c4ac7df5d,0
54154b09a68,0
17f1d34b708,1
be96537e46b,0
6438ccdfd57,1
61e2030455a,0
0bfc9c0af96,0
4f02455eb5c,0
e51d1ad3315,1
864fa879b51,1
3eba1042850,1
9706a859c3a,1
786ba35feb4,0
c670aa7f174,1
2ca4e59723f,1
1a36636501b,0
9bf57cfde5b,1
53316dbfdff,0
e5043c95076,0
a584b91ffe5,0
0f4d8017751,1
83a84b93962,1
8deee99f423,0
c3e1497795a,0
357ddd7461d,0
82920f9a52c,0
1da15ed0732,1
c449898d612,1
ac2d0b9163f,0
e196d05e555,1
857da533370,1
df36db20ebd,1
5bf94d48af6,0
4a8939d55b6,0
9d5ab6c8f67,0
3131c7742e8,1
3e306198437,0
9f54f6a4c35,1
8c45e9aa6e8,1
d08e66db759,0
4ee14e2776c,0
907f42ebdb4,0
9b412f63a7f,1
b387ba0e98e,1
de55f413430,1
e6621c38e7d,0
53b8fd43486,1
e856bba9f0d,0
950790d3a99,0
a3e69ba6c71,0
f1c4c5a3460,1
5099d656e51,0
2c830e3a3da,0
7bb1fb8892f,1
e20a28616bc,0
1e24bbfc844,1
e658035333e,0
c098e94cc0e,1
e94b0769dd8,1
49b79b8625d,1
9b5760b5c65,0
a71a25e0e9d,0
bbfb601722c,1
f5b5095e0d4,0
da2da9db01d,0
7546f0d4f3c,1
0c68e66c8c9,0
5edcdbfe2c8,1
1ee8f23898d,1
f5f3ebdb4cd,1
80e854b559f,0
4ce3528551e,0
d058bc5d765,0
20ab959e36c,0
e70732fb440,1
40c58eb0bea,1
325a1be220d,1
fc1da96625e,0
30844d7264a,1
b90497892cc,0
3e4afaf1e48,0
1e04935c3bc,0
a4ea9addb7c,1
4f62e9171c6,1
6b4173d6ca2,0
ea22c11dc09,1
e052c466242,0
745fbb0a440,1
6bbb3175a9e,0
18a91c6503c,1
8f1c5b20606,1
e6135689555,1
44b2748d171,1
b9451e4b463,0
e14ecce77fe,1
4c3dd43f13b,1
b3c7cad01e4,1
4c2fb375490,0
2074d635355,0
873823ab38a,1
29e4d69f164,1
f70da54d01c,0
57fc1860a27,1
404a1d20007,0
5f8aa7c30c7,1
5b70daa16ef,0
55480b3b280,1
c1588199133,0
101bd478159,1
8f42284d5ce,1
ad0ce070247,1
f90e8a01d7a,0
e90f80cd746,0
3475a433abe,1
413bb84f47a,0
3138b2131d5,1
f599c08a133,0
463d8fcd8d0,0
1417a5a6f1d,1
4d2f48aa9de,1
8c7a7561268,0
e3c59aff308,1
5be22452a50,0
3996a9e8575,1
eebf22b2a61,1
2820ba207ab,1
c7a628262d4,1
3941ddfd17d,0
89050d438dd,0
8b2bf233bbc,1
3a2323eee46,1
2ed7f85c173,1
d004371c438,0
217472a0f1b,0
fb468fd4b21,1
c1a8c819f12,0
7e23787e61c,1
211db774784,0
9e740692c25,0
5f9debb5205,1
af4043cdd3d,1
5cf08ccc830,0
402131bf19d,1
930bec0900c,1
b86bfae8cb8,1
ec86dfc833a,1
3b5d8488340,0
4ef2eb2f480,0
d06837fda9f,0
e1e903eba46,1
d7fcaa5a52e,0
9678a0a84ab,1
035f11bba90,0
5cb0d576801,1
380945d5138,0
7cbf91870c3,0
9f8f801a576,0
4a90d999b33,1
42f19460b75,1
e099c1e1c90,0
77fe02e63ff,1
65c9251ad28,0
bace684d5ed,1
1ac40edb9c6,0
a9f97b04dff,0
8202c59da73,1
f69501cf2dc,1
a045763366a,0
5725b56f675,1
e46f488aba1,1
7698e8f2302,1
35ea16d73b7,1
2626a13c57e,1
3437d5d78df,1
789c5b71423,1
8f87885f991,0
ac44fda7518,1
2ed13cf4619,1
5c63f5a8153,1
1e3bf930ef7,1
cf64b4d158c,1
33055de454a,1
184678cbd66,1
f56f3ff656a,0
563b348ff69,0
4c302c4ae90,0
07e0689719e,0
fbd55b94706,1
4bb5d515cc1,1
71d2c64a293,1
96f05b03d71,1
4e605fddb0e,0
47ec828061d,1
c8e095fea6f,1
8f397478238,1
f7d03e8a099,0
7b84a44379e,0
10a977ad0a1,1
1ce1bd1e6b3,0
383174e8a5b,0
520a0f0bf5a,1
3f29b39a977,0
910a845a4ca,0
0e8b23a5c78,1
c66f49abccb,0
0aa9b8bb3fe,0
ff9cca395c1,1
db796bd0115,1
9fe67ba71c2,0
92e5ca55e3b,1
a7a6fcf7a62,0
d1429a5a44c,0
5091aaf8250,0
01d69e9562a,0
aef0266fcf1,1
100b00e3354,1
088fa1bb582,1
e640b9cc1f6,1
5c9d416fce9,0
0d1abb8ced8,1
4b4c4fe31eb,1
575bfa19ec4,1
9673e6aba57,1
1629a6e0a50,1
bd2b6ea4941,1
5d2624b520a,1
b54cb36be1e,1
f89e0e7ea33,1
ecd9f344bc9,1
b102b0d9a5a,0
5c698465f49,1
dc4b1709373,0
b84f7e3826a,1
225f6f0a5a7,0
9e81bb53c56,0
5008501c6fa,0
44d147d2196,0
9d7305a780b,0
a24b2c015ec,1
6e2df70187e,1
da4c5a45f18,1
dcc5a8680e6,0
6870cf271d1,0
61ba2846a36,1
03229168b43,1
528794a96dd,0
2f584b36b2e,0
8a9357f4886,0
4a565115419,1
59f9da216a8,1
d0e0766edd5,1
91f6b3b8061,0
1ffc22010b4,1
96983e86581,0
290015ff0b4,0
fb7f43545d1,1
af0f37c5671,0
920d297c31e,1
e5af51850b5,0
4677c260752,0
b688f987a94,0
28816cbed53,0
ac9a92193bb,0
f7bbd2044ba,1
e0504a4c7ae,1
388f9a21d2c,0
bab9cddda4e,1
3d23b292a92,0
2b1c5b3068e,1
4c170f88eda,1
84db8f720fa,1
1d7d7e10804,1
5fb6e656609,1
a02d50b44d3,0
83404bf9d38,1
f7b792661cc,0
9703877ddc5,0
cd058ab3944,1
aa119907f9f,1
31578381524,0
ec95f79e625,0
78c48b93ec9,0
94b32d61e91,1
31418efbd28,0
7ad2badb2bd,0
af387b690c6,0
79b9b935861,1
a0eeb3c6ee3,1
8cc0694065c,0
2aaf0bf9701,0
43a9edad134,0
fe90d25b94b,1
83df916b95c,1
86e3de2385f,0
00c50333d6d,1
9de61895f20,0
c874804c059,1
febe674870d,1
c43d2d551ea,0
1ab8a4bf360,1
178e258b0d1,0
d0a6ee63a08,0
6d7dea72bef,0
c205de89637,0
b0d87b66f5b,1
5bf0405611e,0
0ecb63a070f,1
915e00ed4de,0
950d09b4a10,0
40fbd755ce0,0
59fabb198f9,0
622233d3f46,1
c51b763a699,0
cce5b9a68ee,1
315e64767e6,0
dec7b9734a3,1
cb2184bd2a0,0
fb25ae35bfc,0
e64d4eaf016,0
04a9f5c9e96,0
481b16b6db8,1
8ba4ae32b08,1
c989ee0289f,1
fba96669320,1
3c48cc68e6c,1
c9f81bc9293,1
8f46fd8d371,1
7bfd79ca4d0,0
e74226a59b0,1
fe4d8fb0e33,0
a07e3b813bd,0
3730c084bde,1
caf9346f4b3,0
691b5ffa285,1
73931de70cc,1
7d12a0de091,0
aaa8789cd89,0
8866856aa43,0
550160f5bb4,0
115bdeb8cb3,1
0ae1596603e,1
2439d85fcfe,1
3e7f90fb129,1
84caf7aa4c3,1
72bd66670c0,0
c7f17f61667,1
dcbbec2e337,0
6a908cab315,0
8c77f2fc318,1
e6cde11aa04,0
8916c9a6829,1
d24378b2527,0
e3c5768e24a,1
abc9bfbb8ea,1
9be0d3f6227,1
48235e03163,0
893e4db4587,0
86b00b00356,0
6e40b736881,1
487ef681e3b,0
9c99e461c39,1
80b017bf738,0
70f387d5e58,0
4245dbb6986,1
6b46f594b28,0
0d95af457ed,0
9ab19e9ea8c,0
6680f50c477,0
bbebcbd1c0f,1
37ef68e11fe,0
39024d1e0ae,1
d917f7c0f8b,0
f4ee0c7841c,1
5499a2f3662,0
5af85ba2379,0
f365e83e6ae,0
0ea8a7f469a,0
7abe08ea1d1,0
e41ea621dd3,0
3de7964a579,1
bc03f97961a,0
aa3576863ac,1
6bc2fe59437,0
9a9e49f7f6e,0
6703d5635d7,0
1fdc22c4957,1
b0fbe5766be,0
e5de4b444bd,1
4c617510e6e,1
98d954ec480,0
3cea73341cd,1
cd94670f2cc,1
c9f8ee99bb3,0
ae96dcd65d3,0
2ba187405a1,0
40feeb50907,0
76340f37807,0
61a529a433c,0
c3ae177b415,0
13f2cc6e992,0
6df86c7be0f,1
bd29ce8123d,0
cfa14aa8b54,1
d0eb920a5ff,0
36ef2182fc9,1
e85237cdfc7,1
8324b5af064,0
49d476f1c82,1
4c8a01712cb,0
326421ea100,0
eac5572a46e,1
7319d3b809b,1
783b1121604,0
c660d8ce6e9,1
6ec428d27b4,0
12b428404d8,0
5e5cba479e5,1
879067377d3,0
d1b971bb671,1
33f77cc2e00,1
8dde79a017a,1
d90c4feb562,1
971545542e7,0
2c1b7bc753a,0
f78067acb62,1
c40fbfa211d,1
c4096cbcdd7,1
e55f6d1204a,0
4c360bf1c71,0
fa9b539e088,1
87dab0a32c8,1
45e889658cd,0
a1cba583ed2,1
5b55d4298cd,0
7577f028b72,0
985a98ab2d0,1
1fafdc6c4ab,0
bc7588f447a,1
c8ab20ac8bf,0
2bd438aa52a,0
2af3cf1e358,0
8edfb710a0d,0
2f64d254d59,0
6cc29270309,1
94abe482f73,1
776cd98668f,1
def3b6f28f3,1
db377f87e50,1
2613d29ab51,1
c57335f5e2c,1
106f5a32591,0
6e4cf43b0de,1
96451f956d9,0
21b6c797d0e,1
46a1ee976ab,0
0680adf0b67,1
7533dbafcb1,1
94c006d55ea,0
27082bfc080,1
3ce2c9d7dec,1
308afeb2816,0
3c45d7df1f9,1
fae03c1a7ec,1
eba7f031958,1
46d60785de9,0
ecac486d2c6,0
051a6538aa5,0
66c88a0895f,1
c706b141942,1
f917d58b4a1,1
9b89debf7d2,0
0967798af0c,0
2e3680ec1ad,0
e958e8ffbad,0
d80a776fed2,0
7f17d128060,0
7009bdcf285,0
d10b598990d,1
817b9ac7c23,0
c53a7d5537f,1
f95d0579499,0
dcd348d8441,0
c303400921e,0
2725c86fda5,1
fbe9b6185af,1
3b6511bec76,1
307cbcfe41c,0
8e8ea533dbd,1
33f9fbb8a7d,1
9a671341388,0
6e1c8c0b975,0
72fe1d7f6cc,1
0cc0540f5ed,0
a36d6c0f64b,1
2a2d442fd27,1
ac00896435a,1
216c1765ba7,0
0517af0799d,0
65068ed6394,0
8720855275e,0
2deb086a51e,0
a33b4556ac7,1
e967dc7e21c,0
12633c1b184,1
72323a09038,1
81eb3dbaa64,1
dd9a6d73abf,1
f5cc0739229,0
7041ace8519,0
b39dad6f9a8,0
42a45b3e57a,1
36533e8b615,1
375a38b5835,0
7029c1e2b95,0
013e009602e,0
32728e88b23,0
043666e573c,0
037d705f912,0
ccb2b0393ce,1
cb7b6380018,0
ec5375b0a01,0
071d0ff2adc,1
432510ab1bd,0
e4e245c249e,0
170cc873d27,0
dd26b3606a7,0
0f5404a694f,1
c886f19c151,0
74d872e6d4a,0
03b627e2033,0
a6f01221e4a,1
defbfd4adc1,1
0ad9e9af53e,1
4dbe19ccafe,0
33cf2e71a3e,0
4e96b50a014,0
f704b5f5edf,1
7c1bd33814a,0
1df1c74a3cb,0
153f593e4f6,0
d0f734bd38a,1
15c07bb9930,0
83b826c1768,1
31d673568b4,1
40e17c8f228,1
ad020991c97,1
df21a744cff,1
540963f2853,1
9ae748f2249,1
e6142ab2a59,0
302707c3f35,0
fdd48d4ab8b,1
be235110c01,1
3c6e2639cb0,1
6c98fd49653,1
472adfc6317,0
746c9e4bccc,1
ae55b9be0bd,1
3c8be69ffe2,1
ea6a25abe38,1
4995ec95983,1
e83704ea3ac,1
3ba849661f2,1
37175e86b40,1
755ad6913d4,1
47c0f6d1e2b,0
6737a7c1986,0
758fdb2d456,0
a8abb2d5ce9,0
e472d38bf27,0
97376270956,1
594b626f045,1
7ce1899e6e7,1
42aa82d9f88,0
4f54ab0814d,0
47a005fb965,1
325a71907c3,0
ea3841531af,1
13fe1f45e4b,1
6bce0c4cf2c,0
4af208a3c02,1
19d0afce5eb,0
015d74cb475,1
c7864309947,1
b2f20277307,0
df73c95f5ac,0
d90698deb38,0
273bcd8fecc,1
6b94772fb6d,0
37a339d6785,1
eeab82780d1,1
da1206722cc,0
1845a97724a,1
4166cedf235,1
60ca80e7a46,1
395258c0cdb,1
dc4be4edcc4,0
aa48255434f,1
07dccb50ae3,1
96ac872c735,0
1a131785788,1
eaa3c75b588,0
84052a4caa4,1
f2603082a1a,1
5c1490098a4,1
6b9811d423c,0
42be70523b0,1
cf0c959c815,0
13535e6cb6b,0
fff876d2b25,1
9a57a472489,0
3a1a2a07e6c,1
6369ac84c6a,0
60e9391f420,1
778e00714e3,0
698ee7ede3b,1
ec31e5c2a6f,0
d24ce38acfb,1
401bcae22f8,0
9636eccc29f,1
8b80df2650b,0
5c24fd46fea,0
bc7e6d0f5b2,1
20f38578d26,0
de3ed5207fe,0
63be127677b,0
788ba52bbf7,0
e93b7460022,1
ca1f66f6921,0
463dcddd2a6,0
8f7903cf163,0
6525da1bfcc,1
adaabbf46f3,1
3f4226aaa11,1
d08a815bc90,1
823739cfcfe,0
84c83eb32b2,0
6b989f2f20a,0
621f73912ae,0
253d54171a7,1
1258344697b,0
17c6ff14499,1
569d44784cf,0
9305bf5dd84,0
b1624f595c3,0
814ba385700,1
e1a9b1c0a8d,0
9a713ba19df,1
17154e3214c,0
ecd159f923e,1
5ab7285b45e,0
88da71cd8af,0
d736c6219af,0
5eb3b9b1f8a,0
640ab8fa829,0
7043ddbbc63,1
9d9154c6254,0
427d430027a,1
5f097a294ed,0
769982b837d,1
01a3404213f,0
071e6a37020,0
55f1cde5775,1
6e6727a85b8,1
40f56cdf65b,0
0b836c75b92,0
2abff6f3597,1
23e2a68b0d0,0
469eadfd256,0
012235d7778,0
c7a5364e7e2,0
b34a969c416,1
9070f472b49,0
382a5fe8d1f,0
fc086c16c71,0
5be378578a0,1
6f46216b125,1
64d9775979d,0
233f1bf0a89,0
452fc158431,0
134fb236d09,1
78914bb22d6,1
0db946243ef,1
38fe00dbfa4,0
ee659d5ed58,0
0380abda7c8,0
825f92ac4dc,1
1872485fda6,1
e7d339ba36f,0
f02c73382e4,1
62335ba91f6,0
82d421d135a,1
a3c6f912bd2,1
be9bd0d8aef,0
6fac998959e,0
e49914184a0,1
5b67c963fc0,0
ead6f5449ec,1
8872045e027,1
3b89258f5d4,1
f18c53e3f92,1
19110528609,1
329349d30c6,1
02b5023c115,0
0e37e8746e2,0
0e859ca5a3f,1
e4a7e1b1496,0
70e2b5aec03,1
8f854e83c8f,1
767f925b643,1
8b321708786,0
d657cbeb953,1
836cedd99bd,0
ae79e0bd5ba,0
ad487768d91,0
36bff8bd305,0
e9799ff0432,0
ad06b3f43a5,1
abbbe3d6736,0
0af5525f899,0
95ac7b45a3e,0
367456b4b87,1
f726191aa21,1
a999ec74aa8,1
2c6df5e20da,0
2aec0f4c89c,0
e22cd8f0fa2,0
7846a38344b,0
45a693f4cc2,0
b2a8ba7fe2b,1
e81b89bfc04,0
ddc4cc15e56,0
1d8fdb9d2f9,1
9d220672864,1
8e13e3d0674,1
0cfba11402f,1
20060052eb1,1
939c6fc1d8a,1
21e28da03e3,0
08bb50fc7ae,0
9bdba528089,1
328d5b7c98e,0
c9ba3e45af1,0
74bbd653054,1
8e41af6c88c,0
3af5af51ead,0
db57086d176,0
a517973067d,1
069d66c9e11,1
7c5fd47b49a,1
a1367b8f9e5,0
df2527c8041,1
cb51622c16a,1
877d3112982,0
76f4d6bb7ad,0
4235fa1b467,0
4b68b164fa4,1
2a751ae0569,1
e2d05fb358e,0
263bc7faeaf,0
f100d756bea,1
0a591a58c88,1
b4b2d0ffd28,1
af06782cdea,0
e012bb7ad98,1
17aa20fd167,1
1a288adc0e9,0
bf23928532f,0
a3fbad679b9,0
fbbe51e531a,0
237037591d7,1
c133693391b,1
18f1bb4fa14,0
17986e8f7c2,1
5171290f76a,0
2edd130cb02,1
c3ec9b7b964,0
82df277b432,0
27e7eb3e8ea,1
2f176678312,0
a55e9cd0041,1
eacf6792b22,0
9ca4354f746,0
72a863d7f12,0
73c2e606de6,0
8ece020981e,1
d79bbc78e0d,0
939bc7090fe,1
c633e14bbcb,0
01875b15bc9,0
a09bd6f50ad,0
9f2bd521289,1
edef22b67ac,0
a490943d7cc,0
19c0510ee9d,0
8eee649b002,1
facefe8cb57,1
848dc8bfad2,0
d7845a4fb44,0
e3f6d0a8cf4,1
8b2fe4c54d4,1
6e86bc49ce0,0
a04010b0cc6,1
a89f3ae6718,0
d3eea5860d2,1
a9b644c6fec,1
93cf16d044c,0
7b547f89a55,1
ad7e0909237,1
1b7e86f6fd4,0
2a8c38387aa,0
c45c533926d,1
913598b0134,0
faec2a8dbc0,0
f0df690484a,0
2fd01305d1e,1
048249dd328,0
a888e55800c,0
b015b5f1c68,0
f692841575b,0
06463994202,0
cf8d6cba088,0
5a8c8ddba9a,0
94615025733,0
3f76710fea7,0
cd67e03d5c0,0
28ab679c999,1
af5b4c2de8e,0
f2a677dadd0,0
32b4d5a83ae,1
dc82a5b7b33,1
df69c9d13ba,0
37de23a10d9,0
6317099ecc6,0
c48d75ebd63,0
3bc965d48c0,0
7649d6becb5,0
0929e63cfc3,1
853f47eb5fa,1
6b7c896d6ae,1
bfd895495d1,0
dcf471a5783,1
5a1affbef42,0
604104ee23d,0
dd27d1f96f8,1
bd4e057ce6c,1
378cd63f922,0
afcbd6f51cf,1
87399646bb7,0
6e62782c0df,0
c834aeebf86,1
edfeec73cf5,0
3b841e05b36,0
57f1b6112b4,1
e5f1abae987,1
2d0107ec7d5,0
c3bb519752a,1
743a055da6f,1
9958d0f7209,1
c6ebcc9642e,0
e3dc066deb7,0
fb944417989,1
54a3a8bc5d6,0
9eddc687b5f,0
ee709f0c018,1
2d8dac22aeb,0
629a86e6a46,0
a08ac95bd19,0
4d09f96139e,0
9fbea1bb04c,1
f6707a4a121,0
ddd69abab2b,0
003143019be,1
73d6729cd79,1
053c5ae1022,0
ecbced22e3a,1
8efb01af9a0,1
ed05df69ee5,1
c7eefc66830,0
dae900257ce,1
7a633cbde6b,1
f858b8afe5a,1
829e12adec7,0
f9babef286a,0
5c7c56b5ec7,1
1f48a27dc0e,0
9b963872fa6,1
f6ae8810fc3,0
b15e2fabe8f,0
db31208cf9b,1
697ab2a35e3,1
3926088e9fb,0
0d42d064837,0
68eeec9660d,0
980d16404ec,0
8e8981b70fe,1
73db361b7cd,1
0cd6bb55ce7,0
86971695c8e,1
bb8231eb484,1
3b7fc663714,0
c662178f876,1
28abac7d3bc,1
62e3171dac5,0
7c51650c9ee,0
174992ec2b6,1
802ee8f547c,1
ad82cfecf59,1
70de5107098,0
f7401aee97c,1
766c71465a2,0
ae505ca1ea1,0
dc382918a0a,1
30eeb852beb,1
b3bd8604287,1
cd2978d64ac,0
563890b972e,1
a05ba29477f,1
4534fef67df,1
57541d90b41,1
1fd6e7cae42,1
92f8121c233,1
4917004fb95,1
07fe2b5a098,1
61525f02fed,0
31bbd1afa22,0
5eca8c3b7ef,1
507094e1ebe,0
7fac4569700,1
20b974e9185,0
34c68dcfbc9,0
0c9fd8e2091,1
1055bd77e20,0
33cfc81191b,1
804046e9cde,1
d050c713dc0,0
eff35c650cb,0
bd5543af32d,0
dcc25c41e34,0
837d48ce259,0
600b0c830e0,0
d94aa188871,0
ad7b7dc9db5,0
2125ca45611,0
05aef110fb0,0
3be678253b5,0
a5735e73092,1
4b52c23d04e,0
eec4f4c7198,1
89b54a22784,0
452fb1c6dce,0
09813b8ce6d,0
1a7a68f7669,1
14d5d81bbc5,1
85dd6cb2de3,0
157bb5fbd1c,1
9cb11eeb4ee,1
f0d0b54225d,0
8ce223619a6,1
7ccaddcde72,0
9007a701cb7,1
09805a4b53b,1
d5ba3198835,1
ee48787cd5b,0
e651afce7e4,0
9c06f42b19e,1
41397230c7f,1
1d5fef19896,1
ef41cb2bf44,1
ebe2204fbf0,0
54f83692e79,1
3279aaf60cd,0
c15daefc099,0
a589cf027f0,1
f5ea4ad0102,1
ad620470366,0
a71fbf17d8c,1
98ce4e71140,0
ed3acfa91f5,1
8b028ea716e,1
8b34381816b,1
cf037e2e6ab,1
167c6799a1e,0
20866d4e636,1
67d217c7ea5,1
1cd617a80bc,1
cc9d337ed47,0
34656634c95,1
7503cba18ce,1
fa3967084b1,0
6393e674411,0
01d7cf0dffc,0
54ad60d4db2,0
4f713819b77,1
1d8b4f2fe4d,1
4462effb398,0
1061c934d15,1
b47a82969e8,1
191711f108d,1
3eb6eeec58d,1
549c0af0556,0
3e4e5d2659f,1
d1d7a0d86d3,1
e9f81fffe00,0
a5371e2ebd4,0
6c45e1d9261,0
fc322cab682,1
bb0f0223111,0
28d351cc2f3,0
79729a58267,0
28d49d1edc9,1
40d5e02712b,1
06426d05a8d,0
727b31e7c8c,0
2b1e1090d40,1
f7ff56ede93,1
b512a587206,0
faac488dcb7,1
5b488f49ec1,1
b6ea27ed73d,0
fd9bbc57ace,0
3e1deb78837,0
70e6fd4fa96,1
b2fc23e1433,1
a7fc58c816b,0
6b46b8c2576,1
180f2ab24bc,1
cd1c7cd2d0c,1
081522d17ec,1
601901ca54b,0
a3efbee7c1f,1
b78eec0a95d,1
f070829da3d,1
828e97df82d,0
60b79ba2adf,1
eeab27c8b74,0
ba38b336371,1
972da61560b,1
51da9b817fa,0
40a55df54ed,0
2f5d12ce32b,0
e3319a5de91,1
a8bcde960f6,0
0e6a8e421ae,0
915e141846d,1
246f100af4a,0
0f2d3e0d64a,0
74047e04e00,0
adcb159ac47,1
2ed34e7e1ce,1
d6973ff118b,0
a4af1fe3ff7,1
34b9d98391c,1
72d9ac5569d,1
4ddf4a72ba2,1
e4d04fc1faf,1
ac3ed0dec25,1
c9336266a21,0
75151249477,0
4807d335e1d,1
1a9cbe92dd3,1
52424c20cdc,0
50a97184f88,0
e90c93edf0b,0
0b5b82b3d63,1
c06c6098801,1
d4d289e704a,1
d243b94efc2,0
3747e46fefa,1
6e1a5c4bd64,0
cdd390adb5a,0
404192ddb75,1
6e8e3a2194c,0
21754b4c1c0,0
8bda8a296e1,1
69efebe2117,0
8b98d6273b5,1
08bc885b2e1,0
3eaa99cc0ac,1
c2043ad9b07,1
4cd9f2ad882,1
772cdfd2a17,1
aa44a035bcc,0
108fd4b75d6,1
0faf691383b,1
f81702a02a8,0
66372fc44ec,0
994986ec393,1
d321822af17,1
46a91b2f26f,0
b5a8941e776,1
3d0766759d6,1
7529d6e2c0e,0
45b902bb428,0
c0ff5d00d01,1
35b208e061e,1
ab1f9d5782f,0
92e569e5b7c,1
a064cdffb10,1
e57ba74a069,0
e0e60042386,1
86e47b20d79,0
2f548f54677,0
cbad996beab,0
260974b330f,1
847b2b9af4e,0
52d7d4fa35c,0
0fbb9a8911f,0
ac39d747bbf,0
ab43d8dfef6,0
fd1b9d34897,1
2667acdfea9,0
4cbff36c06d,1
9ac1a17c08f,1
ffebe39247a,1
4681e6f3bda,1
fd2b0e05436,1
82690e7e3f2,1
5246f255ea6,0
86b05472dd2,1
b37e97d6f20,1
ac68df4ebb4,1
0ea661843d7,0
25cdb468c0c,0
9ebcbe45f42,0
524ef380cbc,1
12cac4d1464,0
139a1cae887,0
1a5d9cc183f,1
fbc6dd7944d,0
dd517f0c01c,1
9b9a9567d8b,1
3bf4efda14e,0
709a6c0cb7a,1
33b9ac76e88,1
5088761948d,0
4e91dd0314b,0
ebd83e1db6c,0
fe4c6a198d7,1
a41512f026c,1
c97e64e6fd8,1
5cb51a02de4,0
9c07704a411,0
02747f72bc0,1
d7158485e3b,0
839362b1175,1
38fe447573b,0
b4110d617a6,0
b59cfb62d11,0
e76585513ed,1
601730bcd92,1
02c59d3e180,1
c5558388fa5,1
af670c5bf72,1
7576e134ec5,0
ea8d373d70d,1
a93003890ea,1
a99c69f3d66,1
38de306636d,0
d265f0d0cdd,1
2bdddb78256,1
404679c4928,1
aef3655fd07,1
91067a59376,1
33190537aa9,0
cc91cbeff96,0
60f3e6166e7,1
58fc8df16ad,1
be3bcf2f697,0
6e5068084d7,1
b70a3df3fe5,1
1e8ddc18427,1
82a33a55ef4,0
051538243c6,0
0b62fe65cda,1
23795e9f1cf,0
29979e08de2,1
1ca750e87ca,1
70db20de799,1
edac0d8df91,1
435ee718a35,0
0eb8d3ecf5e,1
3b1173169b9,0
ecad542bb94,1
8b0ed16dbac,1
74021f4012e,0
32e90f986c2,0
11889128ff0,1
bf5afbf0f6f,1
54601ce0106,1
847401d0ca1,0
899c8c96433,0
819b32ed3ac,1
9b0a12b8993,1
d2d79b02f48,1
6414ca54862,0
7bf2cdc1e2f,1
5c351d7bb27,0
c7991d5f577,1
3e0f075c101,0
18a98900c56,1
54eb18f214e,0
0a205df5af6,1
537b4281732,0
c389e750f3b,1
4d82ca21179,0
0057ca84645,0
8d81c56dda2,1
3dd4bf04ad7,1
15df0bb666e,0
55a30683741,0
54287dd80e1,1
b91256c79d4,0
3b3f0d24805,1
82a253abaf0,0
dd9623105a7,0
05f2185db93,0
fc0ec6d7b6f,0
8cca64cc115,1
46405588f00,1
1f4da42d3e8,0
c437ff67b93,0
b52eb9c8ab8,0
a8ed6e72f10,1
3da35db0488,1
39c77c0ee05,1
7b75e7c7b6a,0
e2680dd85d5,0
0cdf6f52e66,1
356bc80dd5d,1
e4a0ff60566,0
70e8077d6ce,0
e3d703255c2,1
88732d1f115,1
0bd96fa405b,1
4e9a5a89395,1
2189084ab92,1
db01c3c3eeb,1
119f4b3aa7a,1
a25fb99f36d,0
a6c3715ec26,1
b020051ba73,0
a0a63ffbbf7,0
68021e2a5b7,1
af1eb7707a8,0
3f417f0e801,1
01c607d4f7c,1
1cfb1efc76b,0
bb21b4c03df,1
d2dd805679d,1
f36cdac5a0f,0
395160104e5,1
f942f6e1f60,1
765fe6e1ed7,0
6c5ac1907e6,1
0c44fd328ee,0
36741788335,1
19858b4affd,1
82765cbd35b,1
b3c969011f4,1
3076aa87252,0
00b752aa859,1
3f7b8c93a7e,0
f9f4f848255,1
49505d58847,1
19bc9b78079,0
6128e25839c,0
c04a921a4e2,1
738b09f764e,0
3f1a2b6a367,1
baec1aa5c12,0
9761b5dc317,1
dcfd3f85060,0
74d3990e86b,0
8602de0472f,0
70beb09e03f,1
28a75614966,0
17db680b656,1
2d28a7cc365,1
3c217433ebb,0
b9abc800409,1
5a877b5858e,0
391738cd56d,1
1afdfa7214d,0
d98e8ad178c,1
97735e9b22d,0
b41926ad0b9,1
c32f73f17e9,0
e1d2a41d200,1
ba7c2c7037e,0
d80ec67eef5,1
bc06710d284,1
37102a25339,0
322fa1301ca,0
79efc611dfd,0
c2e025cfd47,1
d2af92d56e1,1
df72d936e4d,0
05963cf73a3,0
890c20560c0,1
f131defd5ff,0
186654a78c1,1
a81a5e7e2f1,0
996bb7ac667,1
a0bf964c579,1
12b7ea24205,0
6dda21d2d47,0
221a33c56e0,1
53e5811c413,1
5916e8d8598,0
31ccd3466c3,1
96db226f2ab,0
21c79dd2a0d,0
b5acedf8ffc,1
01ae4d996eb,0
c6e7bc337b2,1
045dc7967bd,1
476216c2ac0,0
3c82b592893,1
efaa37d6df1,0
148e05d38d7,0
4c61c755f65,0
644130feda7,0
2c5124e1f64,0
b07dab7ec38,0
f7741eb9901,1
a878aa7f22e,0
055538023b2,0
28ae55dece0,1
194dd72fd02,0
e3ebf6c310b,1
a48e054d897,1
7dffd20df7b,0
37380859c9e,1
3b995c340b1,1
c0153e6b002,0
099aae6ad71,0
e85425d6545,1
7f36fb3a824,1
4a4974797f7,0
1583b931f66,0
5ce3e15fc9a,1
5bf373375fe,0
9eae54b865b,0
e115cfc2ed6,1
be57fec8b5c,1
5e0ab8b4c28,1
c03d57c3383,0
451c85e4007,0
f77229f002e,1
42596f2764c,0
f2aa5443348,0
8a23d382e2f,1
d82fa9e829f,0
768b7db5644,0
84eb74393e5,1
4565ebad38d,0
f854a99ed1c,1
8979d07cd49,0
3ab75cbfd5a,1
bfc4cf3e913,0
7830ed20f0e,0
4cd75503714,1
9db347eb6ef,1
3e0a3db0e72,0
c7efa08319b,1
5b755eec272,0
2c007e9326d,0
ff6715744a0,1
e8e48cb382f,0
af0829953ab,0
57a4a81392a,1
6de400e91d0,0
7df1f56e295,1
36f9941cc38,1
8f9dba5d847,0
7a2479dddb6,1
1545d562b3c,1
9c6094a0b73,0
39b9efab594,1
379b1d65d94,1
5c99c3fae7b,1
3e26ea3adb4,0
fd2f95ddf5e,0
b55fce79da7,0
fc2f3c6784c,0
6f80dda18d2,1
1bc2cc3510f,0
66c64db96dc,0
d658a55687a,0
ee30787da1f,1
e89e766725e,0
ef6d67d43ca,0
22127064bd2,1
4cf50d41ab5,0
1a23a8947a2,1
b209e693c71,0
908d0454c62,0
e0ebdfc0756,0
7b05b82abdd,0
6214c9b03cb,0
47296ff6842,1
0d40a1467b4,0
512db12aaa3,0
c503ff1e586,0
d75dd3bb089,1
6282572c067,1
726035bd22b,0
040e72c43d3,0
cf8ff36a1c8,0
12fee22ad06,0
e2e0469274b,1
8cdc553ad0a,1
3464ec0d5fe,0
91c5a5df004,1
296a27730f1,1
0c1dec5f658,0
df698dc5fca,0
c7fcb562864,0
39e3d08526b,1
eb8fd59b180,1
5fa5cdbbec5,0
90d32e9c8d5,1
ebbee942559,0
7e5c7366dac,1
e514f91cf49,1
3d809df6ec5,1
7101419c9c8,1
2c7d239b850,1
cfe1f5d8beb,0
b12423440b4,0
acb73dadd84,1
0f3baab907d,0
9c973151344,1
b276f2bda1a,1
e0976d488cf,1
5f8ac06785f,1
1a8ab72870d,0
50734ed2ba1,1
af0a92a2e7b,0
8cba7ef815a,1
686a005b5c3,0
9585d310070,1
d56a501b688,0
af952f10734,1
35d3dd0302c,1
309495d7b0e,0
140dac9f0db,1
e4ceb2f25a5,1
982cf4cecce,0
3e271b3a8df,0
742ed653766,1
8963040e1b8,0
55948b22cad,0
0c898802515,1
624e2a7916e,0
c7b41817c93,1
d9f110fdd9e,0
49371b97169,0
c64dff08204,1
72d29975b5f,0
bcea052129a,0
40304380649,1
b6c37b90355,1
e6588f11bfe,0
3c58e90aad1,1
51aaa860178,1
74656d74f6a,1
dd16059cbab,0
c95aa000ce4,0
ceef605c551,1
d5170742191,1
49560ae88ba,0
f80b879359c,1
80df1561af0,1
219e1762695,1
b83e47ddb1f,0
6cbb0419956,1
39461e48e2f,1
b9009543335,1
8d9b7f04d74,0
4b3500ffca0,0
bde04d1d8eb,0
dad616d5a9c,0
be186d4ebfb,0
d3e7d7010b9,1
17608d05df5,1
d637529c6e2,0
e54a6eca935,1
d8e13f8f1e2,0
596b5392b37,0
534c2f4cd5a,0
ef0fef367e4,1
e52bb323cb3,1
0e0ab67a18a,1
c529714b53f,1
e36d7d7c7a3,1
50f2dd25f2a,1
ba940359d09,1
bd8c51721f0,1
e619adb4e3d,1
0e08e1fb025,1
f899e4f111c,0
c44e8075af3,1
f0440ee6ddf,1
ee325a1f11f,1
08eb8bf7d05,1
ac8740ff3fd,0
3ab9b66cb3d,1
3820847a430,0
593120b50fa,1
b38c1adb78b,1
a2299a0ff4a,1
e702a91ca7a,0
9c320f02218,0
056195318c0,1
0916a6cac5d,1
636d407bad6,1
806a13a175f,1
c6ed2a2798c,1
b0f91e0cd6a,1
e570664722f,0
74a68ee7fce,1
1fbfb9e426a,1
a2b1ab74579,0
0cd20500763,0
b0d7106cb23,0
7eb6e708349,1
bb4d352b946,0
1d779ae51e6,0
33f45a57ea5,1
17e8bf97214,0
408abe1f7ad,0
4afc936e8d7,0
9ce236175ca,0
1f0a39307f4,1
57ce46d2622,0
7a24c98305c,0
f63d7dc8d7a,1
528cf6a5bf0,0
dd223ee3dc1,0
19745e76abb,1
b613d6c57d4,0
ffb9a93a095,0
e664d103c3e,1
84e9ad60fb8,0
2c11d311bc8,1
dd5760dbff7,1
9b6ba582cf5,0
9b488ce3805,0
6aeecfc78b2,1
5668aedc8d3,1
cc81bda6a4b,0
cf40211dfdf,1
cf8d87913e3,1
2f7e7b3ecaa,1
36463df7df2,0
c793a30d601,0
150b0e942ce,1
5990ee48929,0
60ad161da7b,0
fec4b6f6111,0
fed2e255c54,0
d58c494d595,1
2bccfd56d12,1
de43a1634f8,1
77d9d03490e,1
4b28a3c2360,0
3956b189477,1
d3e9bb65eba,0
8d112859efc,1
16a4153e0d6,0
4043d3d612c,1
5402a4afdbb,0
68ea89fa464,1
1d2898c182b,0
ac9089efa5e,0
1c7312d891b,0
f9ac623a176,1
c7fc83c9ffe,1
1b7bbf8ce2e,1
d4a7228af18,0
f81f610a3f1,1
36ba78dc4b3,0
ec60a9d13f5,0
32484822f20,0
38adbfe7ceb,0
c970cb00e24,0
92e936d435e,1
73235f005e1,1
bb35e00ce83,1
33a0ab92dd2,1
fce57dea1cd,1
26fe7439f4d,0
35b9786580c,1
e1986defd40,1
407fa391ee3,1
22890850c2b,1
9bfd308b011,1
82cc12685c5,0
c9a1e46d260,1
6c205eae284,0
ef24c133656,1
bba8b29219e,1
aa3c6645425,0
d12121399b5,1
6a1b65944f3,0
728cadfaea2,0
4b7f3f8ca2b,1
8a7c05f08b9,0
2ff529a1677,0
85b9a1c89c5,1
e7361f997fc,0
c4f9a33d193,1
63d1b7f3006,1
f17fade694f,1
29d662a99d2,1
ab0a4d878c6,1
99d1ecb8fa2,0
b6b200d7a13,1
af153811792,0
5e151804473,1
4610b4643d8,0
842f55a0ce9,0
1b3871991df,1
6750004922a,0
6e6691c4be4,0
084c62532ff,0
7e39bc5b8b6,1
471916077e3,1
c886df4f567,0
30559bb7fba,1
d17777783c8,1
85ec0479168,0
aaacc578077,0
26e38a0fcb1,1
48889d44d9c,1
75e80673ee3,0
317cdf6fca0,1
d51264b50bf,0
baa8f9ddf4d,1
d042100026d,0
2c40e3f1645,0
28ab204c74e,0
2f72ddf3b9a,0
687351a0df3,1
472ff10c025,0
9879a119069,0
b3874b22707,1
4c3fa6778d0,0
7e2e1c9897f,1
41fc5943bc0,0
60e2c29a6f9,1
9089cb5c535,0
836b220851b,0
13380205896,0
91a18e371a4,1
73319010edb,0
82d21909c63,1
c08030083cb,1
a52b1503ba3,1
267f71ee23e,0
7b7fca0af08,0
76edaa80b7b,0
7ed316c8969,1
08bb89834d1,0
02629aef973,0
58205c2d3ed,0
5d415278d71,0
bbab4a82505,1
17dc0d49864,0
9c9bd64d240,1
5e286d40c34,0
7c79e1a2f90,0
197f6b4f759,0
deb3135eeab,1
c3e788b28e6,0
fd98cba1cfd,0
4bd8f35d076,1
b35f8337149,0
1cd8204057c,0
e5a6ad0bfe7,1
8b99ccaa386,1
a6464491a37,1
d78a89853ee,0
879a70791d8,0
6758658b617,1
72c71a83fa2,1
152ffcaaed3,0
16aaeb63a5a,1
923f2af5aaf,1
61924e4a8d8,0
9c84a6d7fd7,0
eeb361f0d34,1
a0f8ec72f00,0
72e882ca288,1
7c22db1239e,1
01ad313d4ed,1
f2515b0ef02,1
4e580b3541f,1
97875943188,0
e4d175aadf2,1
ab1fee05e63,0
3f8dc933ff3,0
7a83bd8955e,0
d27f16dfa2c,1
cec76e00d68,1
14e2828f100,1
b992634ed8b,0
bdb7cc696a5,0
fa6d94ec470,0
231a562d75b,1
7abb4cbf9db,1
220816dd7fb,0
d23af5fdd47,0
0f755775ae6,0
7c1d3979bb7,1
fca65fb991d,1
39f1fcd513a,1
b9a878a7f52,1
27499def4b8,1
769f480a1e2,0
95ab7c51c1c,1
f13cedd0125,1
40c2b9d94ea,1
a4eff16022b,1
eaf5addde6a,1
bf3ebed5f62,0
800637b8b19,1
f6a2fd72894,0
3c6750d09a4,0
8ba7d6d9f63,1
a7e80cd0ebc,0
919d26efe85,1
c1e099da9a7,0
0a4a789ba07,0
706188eedd1,0
0d9b44c284d,1
04909185f5d,1
da63a7aea02,0
3518e7d48ad,0
531ac8b1e71,0
c208020c992,1
e1fdc97cb66,1
16dff73b696,1
e031c417e03,1
ce1f37c400d,1
233ad845e1a,0
b07b11bbe56,0
6e7d248ce9e,0
178cb20c089,1
26cd5e449dd,1
eb82d72eb61,1
e1ffa5abf1d,0
d4e32a6e7f1,1
241c02f5880,1
80676389a5b,1
cdecfb30af3,1
7c37ac6cdcc,0
9b321256ef2,0
9792dc8f760,0
0c6e05f9078,0
0f1af102e1b,1
08a971a6a2a,1
c3141197928,0
d25bc4e67ac,0
60b85f47883,0
05d4a13b7d0,1
70be3a3e437,0
dbbe14a683e,1
f6cbee8c421,0
3dd259fbe8f,1
647773d31eb,1
3adec44de06,0
7f9880369d4,1
639cbd92a70,1
6dd9cd187b1,0
3a66116748f,0
6a48976b49b,0
7eab6d6339f,1
eeea572321a,0
5c5faf7f2df,0
f1f7569035b,0
f64e657fe92,1
f2ca0ffd596,0
f8abb37fddd,0
d5234ae7885,1
c02ec09a08b,1
52d6d6376e0,0
a2b8be102ba,0
f14e0c21b48,0
0bd22d410ba,1
57e5a7d076d,0
984cf782097,1
df3b0407bd5,0
8a9f0c215ad,0
1a19b887c55,0
c45c320a402,0
4871d575e0a,1
ab7fb3fb491,1
f745e8a1708,0
8ff0f6ac27a,1
c9229f87e5f,1
b4994eadf32,0
79144f6796f,1
3e022ecffb3,1
ad3efdbe941,1
3c3988dfbdc,0
d5fba13aca5,1
c4d77176183,0
74d8f6a029a,0
083d1e1ae4f,0
cc0f78d7f9e,1
569842c058c,0
9d92abf49ec,1
b1270008c03,0
d080b486fa6,0
6fde72293db,0
40379fe0059,1
f39f3cad465,0
545ac745318,1
74863a23e72,0
30dc292303b,0
d894e6fd093,1
7dba8c05efd,1
77435eb8a75,0
4df9503b19e,1
e677bae5a83,1
738fd169d32,1
b6e998a1f14,0
f85a80edd20,1
5a1f155da4f,1
cb228fd3747,0
30076fe815d,1
398facab769,1
aafea5a1833,1
d91c361fe7f,0
82b966062e1,0
e4b3edb00fe,0
cdf08a1768a,1
df4a47491d3,0
f8b11deb1f1,0
e12cd9f5d68,0
f29e80d01f8,1
c73b1dc659d,1
c1f4da3c971,0
3353fa5dc0a,1
23af36374a9,0
3297696b99f,0
6684011123b,1
e6c85afa04a,0
7a9210c64cb,1
efab436e400,1
4a5f1a2f3a3,0
64a48390061,1
951371690c5,0
750ce0a30c5,0
9e6e76a796e,0
d3097a4e362,1
95e501a54a8,1
38943bf0e96,1
5cee27c1271,0
cf2eb41075b,0
57b0a493379,1
2d2b22c61b6,1
19c6bb1528f,0
c6f5c2a1a1e,1
6100539d598,0
e9ed5798b55,1
79b3e45ed9a,0
7dac1ed9ab7,1
4b646fac1f0,0
76f76f7c73c,0
9cee965039e,0
9612da7753c,0
981cb8d8436,1
dc9b0a78a4d,1
027cad58275,0
c652ede99fa,1
e616977996a,1
b16980384ba,0
4e47a63a3fa,1
1af11c7c051,0
f05ecbb236b,0
6fc6a1c241a,1
2bf459fab22,1
a0d0befc21c,0
66777d90fc8,1
e223f48fa5f,0
40e682c02b3,0
ab13357cb88,0
56157a68674,1
fc2bf545479,1
12a2cbd2511,0
75f8e28af24,1
b94587acf04,0
39b552a1a46,1
0727466a8a0,1
d3f70657738,1
5b050540a3f,0
b16c019850a,0
6b557aff52c,1
9f9b104e739,0
d9719067bcd,1
640ccf31a7f,1
a5b324d542d,0
698673fae6a,0
7ca858916e9,0
860ba1f3672,1
f45b62eedcb,1
50be875cff3,0
31b8e1975a8,1
70784998328,0
c3804bf1daa,1
322011e0636,1
66ce83db21f,1
77ca65090ba,1
cb92ceadf77,1
bb8ef58bb11,1
c51ed2abd60,0
d8c2ab216fa,0
38f77b614db,1
31013492049,0
d52c343f89f,1
41a2a2c9bbf,0
dbd3dac5923,0
8ad21a418d9,1
518392b5f50,1
8152cf29d5c,1
c402ba36360,0
0f5bbf38634,1
f95b3e0aa10,0
8e023741a4c,0
562fe63552c,0
d6702642f5b,0
2bb82325818,1
492146e7acd,0
e5004bbdecf,0
3fc5d22d0d8,0
82d32e37588,0
82c75b01015,0
65c44a948dc,1
af1fb497580,1
feab12d94e8,1
1baec99df4b,1
03c5222d361,1
d55bc9921ff,0
d2a87ec19ee,1
9a452e8875d,1
e1229ab8058,0
462ac68f14e,0
196b7a8ae9f,1
2d400123606,1
514e94dde43,1
89422eb618b,1
23b917a5799,1
6a192db6307,0
a479cc9407b,0
1a82702ff6c,0
b6eac8c4064,1
607cdfadb1b,1
1543929ee37,0
6cba0d72931,0
c7aa7f904ae,1
77aec11497a,0
72fdb0be636,1
3d7783c3796,1
275908f7d95,0
de6129a832a,1
796d0a122c0,0
470d4e2fb45,1
553bee7ace0,1
b928acc7928,1
b48ff0ffa9b,1
c2f5a6ccd2c,1
6d254331a3c,1
a8cbe303468,0
953c2f91678,1
e5e1ae42734,0
